{
    "g_loss": [
        4.9616952643674965,
        4.997148774164107,
        5.099252292262319,
        4.871290731917867,
        4.762907384301696,
        4.47146606689219,
        4.647365083474942,
        4.61880589202237,
        4.563226480618157,
        4.332562470070236,
        4.352188305781626,
        4.30261476661848,
        4.189755041276098,
        4.167019843064305,
        4.111236953979258,
        3.8999955977320364,
        4.0852348910420755,
        3.8263923621848415,
        3.8542224452509295,
        3.8423434602634985,
        3.905729386355261,
        4.06315325524496,
        3.8094981433180592,
        3.7184868758291842,
        3.8310593430648376,
        3.7280957707968514,
        3.664753596191211,
        3.688999140658952,
        3.632482057947027,
        3.7243257489655632
    ],
    "d_loss": [
        0.5525787530081047,
        0.48743077396126966,
        0.46703801957695074,
        0.4844573861573968,
        0.47489241184785846,
        0.4866631539619487,
        0.4715753059329279,
        0.4345030176746266,
        0.4329340730596076,
        0.4145766945789232,
        0.41350857238940264,
        0.4165956162278305,
        0.39815352838057694,
        0.41168514557201846,
        0.3961008204637891,
        0.3874151963750115,
        0.3869515800338877,
        0.3507159604212207,
        0.3655219481843512,
        0.3053096330836606,
        0.28569709582020864,
        0.26709203205793103,
        0.2538813317713835,
        0.23353327174320856,
        0.2016862540141396,
        0.18623153505194218,
        0.16313717317055254,
        0.15556320838649254,
        0.13536929836511002,
        0.10404663426739633
    ],
    "IS": [
        1.9785034656524658,
        2.210038661956787,
        2.3310389518737793,
        2.3995909690856934,
        2.40919828414917,
        2.4277148246765137,
        2.514613389968872,
        2.509106159210205,
        2.5604329109191895,
        2.5624752044677734,
        2.607093572616577,
        2.6014792919158936,
        2.6313698291778564,
        2.6414525508880615,
        2.6548213958740234,
        2.6798338890075684,
        2.692809820175171,
        2.731736660003662,
        2.772925853729248,
        2.789919137954712,
        2.826629877090454,
        2.8582780361175537,
        2.892585277557373,
        2.9152305126190186,
        2.9431769847869873,
        2.974252939224243,
        2.997157573699951,
        3.0203404426574707,
        3.0334553718566895,
        3.0453884601593018
    ],
    "FID": [
        6.760160446166992,
        4.824954986572266,
        3.796886920928955,
        2.788452386856079,
        3.526770830154419,
        2.0677073001861572,
        1.3564422130584717,
        2.666022300720215,
        1.6618603467941284,
        1.2073616981506348,
        1.1046149730682373,
        1.4184452295303345,
        0.6676552295684814,
        1.0697587728500366,
        0.983878493309021,
        0.982205867767334,
        0.9867139458656311,
        0.8368147611618042,
        0.6611701250076294,
        0.8104791641235352,
        0.7902138233184814,
        0.43866807222366333,
        0.8953264355659485,
        0.607674777507782,
        0.43603360652923584,
        0.5193884968757629,
        0.5707814693450928,
        0.5080494284629822,
        0.5685113668441772,
        0.5423765778541565
    ],
    "avg_dl_time": 9.46832118697154,
    "utilization": 80.29863597612956,
    "avg_thrpt": 3249.4465972825333,
    "avg_training_time": 9.490637482035284,
    "avg_calc": 0.02231629506374399,
    "peak_mem_avg": 3060.91064453125
}