{"g_loss": [4.978871676013293, 5.099464015277755, 5.095699318839461, 4.791184145166441, 4.52020423735499, 4.633168104664444, 5.00054136383564, 4.728857008697432, 4.401921556428875, 4.399525736603896, 4.307137508526482, 4.1827154359244325, 4.060634509972332, 4.103114650987298, 4.09150275732855, 4.0036606999004585, 4.027218437954888, 3.694110295351814, 3.8584349460309117, 3.9564650016062703, 3.9174964164224124, 3.782980937787029, 3.9221796573275496, 3.806656270075942, 3.816863632263125, 3.793126774870831, 3.759430066398952, 3.7125698666438423, 3.726558818231763, 3.4597778850809084], "d_loss": [0.5576516191672791, 0.48720457475356127, 0.4965501246245011, 0.495944692903315, 0.4762000466704064, 0.4555555489628821, 0.40214355838725635, 0.43897063643350015, 0.4326712574495379, 0.4453524506229269, 0.4258422294198095, 0.4703278632839317, 0.41199092201107296, 0.4412777250646935, 0.378058667816317, 0.3871842469362652, 0.40439407980960346, 0.3439537069624495, 0.33406108093764775, 0.31302815107890714, 0.3005677076423412, 0.2702221353550244, 0.23183289518975236, 0.2221639796691325, 0.1987262985018818, 0.17577584483243924, 0.1659834722862067, 0.15981584505351912, 0.1366738915691138, 0.14493079073822407], "IS": [1.769635558128357, 2.060783624649048, 2.22039532661438, 2.3294639587402344, 2.3362815380096436, 2.3851656913757324, 2.436464309692383, 2.4780478477478027, 2.5376250743865967, 2.579129934310913, 2.6116764545440674, 2.6305227279663086, 2.688750743865967, 2.7179903984069824, 2.749406099319458, 2.7750425338745117, 2.8033077716827393, 2.826930046081543, 2.8642635345458984, 2.9175872802734375, 2.931201457977295, 2.961618185043335, 2.9645297527313232, 3.00603985786438, 3.0243732929229736, 3.0309417247772217, 3.0444037914276123, 3.0607643127441406, 3.0762548446655273, 3.095320701599121], "FID": [8.718992233276367, 4.357722759246826, 3.2367563247680664, 2.477877140045166, 2.382513999938965, 1.6528005599975586, 1.31288480758667, 2.2802300453186035, 1.2822495698928833, 1.0969510078430176, 0.6461442708969116, 1.0696512460708618, 0.7917365431785583, 0.8904117941856384, 0.8588550090789795, 0.6239466071128845, 0.8000178337097168, 0.5741462111473083, 0.9024949669837952, 0.4700111448764801, 0.8254741430282593, 0.32886719703674316, 0.6585941314697266, 0.39047613739967346, 0.5820738077163696, 0.607312023639679, 0.5458874106407166, 0.5750015377998352, 0.42877620458602905, 0.4356973171234131], "avg_dl_time": 8.328123751251647, "utilization": 83.10912190963343, "avg_thrpt": 3677.8160350740277, "avg_training_time": 8.347604027421523, "avg_calc": 0.019480276169876257, "peak_mem_avg": 3060.91064453125}