{"g_loss": [5.186072878691615, 5.229020821804903, 4.907825999113978, 5.005856365573649, 5.064542590355386, 5.0075137846323905, 5.082214468595933, 4.91156582808008, 4.914067043333637, 4.699270552518416, 4.688620718158021, 4.635218569210598, 4.472524304170998, 4.46021211755519, 4.040728730814798, 4.217371782478021, 4.038551536749821, 3.901522067736606, 3.9377865919900334, 3.834728159466568, 3.7446519987923756, 4.059607264946918, 3.749311001933351, 3.6429032598223006, 3.6105735326299864, 3.525611955292371, 3.414107685186425, 3.4113799880961984, 3.1478817402100074, 3.300198782463463], "d_loss": [0.6312494818121195, 0.4121479402695383, 0.4638595435844392, 0.45883375094557294, 0.4097828021919241, 0.4454472750729444, 0.3821553965004123, 0.37815951175835666, 0.41325818732076763, 0.41303152864684867, 0.3902815714934651, 0.3645675346179276, 0.37904803568915446, 0.3902378570744578, 0.4074761593828396, 0.36418290607327103, 0.38346247139329814, 0.33876876206118234, 0.37937660462089945, 0.315048700616676, 0.28152152789490564, 0.2533225900664621, 0.23673681565085236, 0.23586527638289392, 0.2246195410891455, 0.20987882480329398, 0.1983336219754146, 0.16667279604898425, 0.1975488524351801, 0.14895278922453217], "IS": [1.4497263431549072, 1.8124364614486694, 2.045548677444458, 2.2281346321105957, 2.302574396133423, 2.342233180999756, 2.4377126693725586, 2.457186222076416, 2.492943525314331, 2.5313398838043213, 2.5499441623687744, 2.5674257278442383, 2.6144256591796875, 2.6344943046569824, 2.673156499862671, 2.69366455078125, 2.7132627964019775, 2.7220001220703125, 2.7358510494232178, 2.7537055015563965, 2.7701590061187744, 2.773250102996826, 2.7863335609436035, 2.805488109588623, 2.830463171005249, 2.8500752449035645, 2.8562471866607666, 2.8726725578308105, 2.891159772872925, 2.905489206314087], "FID": [21.28891372680664, 12.340426445007324, 8.078924179077148, 4.232048988342285, 4.020907878875732, 3.137375831604004, 2.0507149696350098, 2.705925941467285, 1.854814052581787, 1.6981141567230225, 1.9957493543624878, 1.7128794193267822, 1.7053388357162476, 1.1661738157272339, 0.7653771042823792, 1.2050758600234985, 0.9837809801101685, 1.133157730102539, 0.8422385454177856, 1.267529010772705, 0.9920346140861511, 0.9251272678375244, 1.0429513454437256, 0.901489794254303, 1.0244505405426025, 0.8078517317771912, 0.9485940933227539, 0.6547801494598389, 0.686161994934082, 0.3972456455230713], "avg_dl_time": 7.352266277931631, "utilization": 86.99455782312924, "avg_thrpt": 2078.8131007865604, "avg_training_time": 7.371805197310945, "avg_calc": 0.019538919379313787, "peak_mem_avg": 3903.96142578125}