{
    "g_loss": [
        4.985473302928993,
        5.200258856539226,
        4.562223145876394,
        4.5384486098118755,
        4.200102595493312,
        4.347892993398944,
        4.099455957141374,
        3.841306059180623,
        3.7973556022357453,
        3.789165612071981,
        3.932616349986142,
        4.004792060998395,
        3.9938203187473595,
        3.9872319621922414,
        3.9527116115574183,
        3.8511357876231602,
        3.955402787000684,
        3.9956626857790494,
        3.953451541454896,
        3.885663656360658,
        4.02420797662052,
        4.038916027154493,
        4.131318129618149,
        3.9938089133757155,
        4.125479506943232,
        4.141894897841431,
        4.1818973155277765,
        4.108354841046931,
        4.192147724158929,
        4.296477354091147
    ],
    "d_loss": [
        0.5398108072321662,
        0.4661816849285151,
        0.5182966738844009,
        0.490675573954192,
        0.5233606327696682,
        0.4992811999681508,
        0.5142768225477784,
        0.5394130389079871,
        0.5070377302634747,
        0.49044433904006657,
        0.43776206672668,
        0.4155588351056704,
        0.38996185896837193,
        0.371803006819447,
        0.3836830899529064,
        0.3304586263654558,
        0.32463271119881926,
        0.30261741905851897,
        0.31278100208191156,
        0.2915466827604815,
        0.24834471162113234,
        0.23486904906647285,
        0.20703181399799445,
        0.19898144534700896,
        0.16741895718295174,
        0.15158129996641556,
        0.13920389035064012,
        0.12604167669073052,
        0.10067500661501227,
        0.08296626807211915
    ],
    "IS": [
        1.611124038696289,
        2.0557548999786377,
        2.2249255180358887,
        2.2954792976379395,
        2.3351101875305176,
        2.4495749473571777,
        2.5689351558685303,
        2.6712698936462402,
        2.748810291290283,
        2.784228563308716,
        2.821167469024658,
        2.830645799636841,
        2.858104944229126,
        2.9035565853118896,
        2.944892168045044,
        2.955328941345215,
        2.9808297157287598,
        3.018866539001465,
        3.049147129058838,
        3.077303409576416,
        3.1174330711364746,
        3.1399176120758057,
        3.1675829887390137,
        3.179403781890869,
        3.19539213180542,
        3.189079999923706,
        3.2018840312957764,
        3.2217764854431152,
        3.226994037628174,
        3.2501893043518066
    ],
    "FID": [
        3.8861873149871826,
        2.746150255203247,
        3.694953441619873,
        2.464801788330078,
        1.7773009538650513,
        1.244245171546936,
        0.9800155162811279,
        0.9958387613296509,
        0.9048948287963867,
        1.025018572807312,
        0.810265302658081,
        0.7876111268997192,
        0.731243371963501,
        0.6680437326431274,
        1.1228681802749634,
        0.7384178638458252,
        0.6007500886917114,
        0.7682815790176392,
        0.5366643667221069,
        0.6080984473228455,
        0.7802900671958923,
        0.8284173607826233,
        0.6010456681251526,
        0.5674260854721069,
        0.6726385354995728,
        0.7495434284210205,
        0.7902272343635559,
        0.5328153371810913,
        0.5802223086357117,
        0.6712175607681274
    ],
    "avg_dl_time": 12.993158530195554,
    "utilization": 73.7564791133845,
    "avg_thrpt": 869.7558603042568,
    "avg_training_time": 13.006816632548968,
    "avg_calc": 0.013658102353413899,
    "peak_mem_avg": 2638.13623046875
}