{
    "g_loss": [
        4.947728486774523,
        4.975418641134296,
        4.571545890225169,
        4.18650217293321,
        4.1668884277801075,
        4.247152614471553,
        4.094191054172833,
        3.8851100718578717,
        4.083940855529912,
        4.024507415626208,
        3.9478408524580777,
        4.222014502193446,
        4.27570272734403,
        4.354299346351867,
        4.195595737842038,
        4.2438276225553295,
        4.098619524399033,
        4.183415357109226,
        4.126644939050802,
        4.034477294825227,
        4.0387524867911475,
        4.0184695750017605,
        4.042351648020928,
        4.005375378195892,
        3.956209631298509,
        4.035815715484912,
        3.99289110097129,
        3.965268862521862,
        3.9260304769896486,
        3.812454291011976
    ],
    "d_loss": [
        0.5269922945657959,
        0.50576784468406,
        0.5215092508975044,
        0.5564076992995142,
        0.536546036543901,
        0.5000279294255444,
        0.5158072626766037,
        0.49008475306927396,
        0.4737409637178606,
        0.42962080950055587,
        0.4281729314657276,
        0.37493903257067096,
        0.347659085989189,
        0.32506429090086,
        0.32634509055425065,
        0.3276824361366003,
        0.28942934317928753,
        0.2908348153390543,
        0.2948496911836707,
        0.2826102359167984,
        0.24189511283784343,
        0.23711627335442453,
        0.23056123569093245,
        0.21808138131247382,
        0.19056387939502287,
        0.17678555931248094,
        0.15706327503554218,
        0.1433240113151081,
        0.13779549875184702,
        0.12711680588452978
    ],
    "IS": [
        1.61553955078125,
        2.107175827026367,
        2.2221362590789795,
        2.3268184661865234,
        2.40126633644104,
        2.458277463912964,
        2.5228934288024902,
        2.638029098510742,
        2.7060728073120117,
        2.793470859527588,
        2.870905876159668,
        2.9142954349517822,
        2.9281938076019287,
        2.957014799118042,
        3.000361680984497,
        3.0402469635009766,
        3.0887792110443115,
        3.118879795074463,
        3.1310110092163086,
        3.162971019744873,
        3.1958625316619873,
        3.2257742881774902,
        3.239945650100708,
        3.2671115398406982,
        3.306678295135498,
        3.3031532764434814,
        3.3329505920410156,
        3.3587119579315186,
        3.3636574745178223,
        3.3731658458709717
    ],
    "FID": [
        5.02384090423584,
        3.4813477993011475,
        1.960478663444519,
        2.0032906532287598,
        1.3040697574615479,
        1.0581573247909546,
        1.1722363233566284,
        0.8620976209640503,
        0.7969690561294556,
        0.8896886706352234,
        0.7472183108329773,
        0.8462545275688171,
        1.151523232460022,
        0.7100468277931213,
        0.6542027592658997,
        0.7982749938964844,
        0.6921239495277405,
        0.45200803875923157,
        0.72039794921875,
        0.7341465353965759,
        0.6580708622932434,
        0.7592534422874451,
        0.8524597883224487,
        0.8099936842918396,
        0.8891587257385254,
        0.838746190071106,
        0.5584427714347839,
        0.7393473386764526,
        0.8461565375328064,
        0.8195232152938843
    ],
    "avg_dl_time": 14.01989246889328,
    "utilization": 65.7854219948849,
    "avg_thrpt": 855.6500086409238,
    "avg_training_time": 14.03162758294493,
    "avg_calc": 0.011735114051649969,
    "peak_mem_avg": 2638.13623046875
}