{"g_loss": [5.853846481868199, 4.541263894158966, 4.479794130033376, 4.1721567937306, 4.9879913767989805, 4.9303069017371355, 5.138323844695578, 5.512785575827774, 5.105239362132792, 5.364424265160853, 5.453928322208171, 5.243621179035732, 5.040629703171399, 5.32808505515663, 4.4898883128652765, 4.926659798135563, 4.593220866456324, 4.6369675324887645, 4.243496495850232, 4.386072304784035, 4.3335535781724115, 4.168348981409657, 4.208319192029992, 3.911888066603213, 3.746433596221768, 3.605760890610364, 3.4517583190178383, 3.2276343204537215, 2.993612136159624, 2.8976461425119515], "d_loss": [0.6442898330183662, 0.5907976212246078, 0.48210644813216463, 0.5600585478300951, 0.42421642493228523, 0.4178716172369159, 0.361890261270562, 0.42468548991850447, 0.32697359061971004, 0.2980628262977211, 0.33924837440860517, 0.3223416905622093, 0.3150664425017882, 0.32557057771755726, 0.3135562078381071, 0.3090972506574222, 0.30170621783757695, 0.29588682234895475, 0.27660558099041177, 0.25697447557230385, 0.2883322114999197, 0.26819824290518857, 0.21687875391573322, 0.21866441563684114, 0.23706266983431212, 0.19604547610696482, 0.22232078867299215, 0.2128123023680278, 0.21036805835913638, 0.20589578394987146], "IS": [1.6357492208480835, 1.6897611618041992, 1.893853783607483, 2.0534512996673584, 2.1564300060272217, 2.167222261428833, 2.215047597885132, 2.2600417137145996, 2.294177770614624, 2.282801628112793, 2.3162665367126465, 2.338578939437866, 2.3615403175354004, 2.361319065093994, 2.3668136596679688, 2.3683626651763916, 2.3828485012054443, 2.386136054992676, 2.402245283126831, 2.4077258110046387, 2.427578926086426, 2.4425339698791504, 2.462127685546875, 2.4755263328552246, 2.480881929397583, 2.490309715270996, 2.502161979675293, 2.51246976852417, 2.516510009765625, 2.526806592941284], "FID": [19.077722549438477, 20.220890045166016, 7.437239170074463, 7.224581241607666, 5.936819553375244, 7.230480194091797, 4.147202014923096, 4.415311813354492, 3.3178000450134277, 3.783001661300659, 3.229226589202881, 2.5292115211486816, 2.384896993637085, 2.8124608993530273, 1.892601490020752, 2.3137083053588867, 1.9502508640289307, 1.9847930669784546, 1.2993446588516235, 1.6227631568908691, 1.4431217908859253, 1.3176891803741455, 1.195595145225525, 1.1286756992340088, 1.533659815788269, 1.311432957649231, 1.2057873010635376, 1.043609619140625, 1.214569330215454, 1.2464408874511719], "avg_dl_time": 6.90550373531878, "utilization": 90.11326530612244, "avg_thrpt": 4562.410152054412, "avg_training_time": 6.965112876333296, "avg_calc": 0.05960914101451635, "peak_mem_avg": 5590.06201171875}