{
    "g_loss": [
        5.229846596412951,
        5.294417869709337,
        5.4584692609889425,
        4.856150741162508,
        4.543304446713089,
        4.533589400293882,
        4.554501561252662,
        4.5578546627708105,
        4.324567499672971,
        4.20340750772325,
        4.458602129955731,
        4.2726306819721405,
        4.150579889107238,
        4.0071075108959855,
        4.035776759314415,
        4.024273135930376,
        3.965437045030277,
        3.784734105819936,
        3.907229498981515,
        4.060042307084507,
        3.8771182149267562,
        4.050666938352463,
        3.9064142752791304,
        4.082686873348168,
        3.950099462590864,
        3.7809617729747997,
        3.8000307967290854,
        3.7324129333886344,
        3.648927033099982,
        3.664642579110382
    ],
    "d_loss": [
        0.539646305124778,
        0.45550459914881253,
        0.3993950943698359,
        0.5031361182594238,
        0.5003977179755945,
        0.47192266141362205,
        0.4699712966752174,
        0.46467976855195087,
        0.45632534106369216,
        0.45613234008059783,
        0.41301281616815827,
        0.45632042863484845,
        0.41140540007054044,
        0.3970512463270551,
        0.40262200275574195,
        0.35742835816748614,
        0.39509665851702774,
        0.32969141770582977,
        0.32361219878620506,
        0.3071903200138865,
        0.2581503941865681,
        0.22896142464007257,
        0.23206342881559716,
        0.2183755924615561,
        0.1948020030432345,
        0.19144042188782825,
        0.16765296163366122,
        0.14612610123651412,
        0.13881026509472782,
        0.1172166619916706
    ],
    "IS": [
        1.7852973937988281,
        2.1140801906585693,
        2.235259771347046,
        2.3112125396728516,
        2.2978715896606445,
        2.4044618606567383,
        2.436241865158081,
        2.4749467372894287,
        2.557478904724121,
        2.571275472640991,
        2.6413168907165527,
        2.6815013885498047,
        2.7192983627319336,
        2.7566611766815186,
        2.791257858276367,
        2.822129487991333,
        2.8444817066192627,
        2.8680355548858643,
        2.901125192642212,
        2.936720609664917,
        2.9780807495117188,
        2.9958252906799316,
        3.0341200828552246,
        3.0595145225524902,
        3.0821216106414795,
        3.1130940914154053,
        3.124782085418701,
        3.148322582244873,
        3.169407367706299,
        3.188732624053955
    ],
    "FID": [
        6.202223777770996,
        4.274298191070557,
        3.0065343379974365,
        1.949088454246521,
        2.8202552795410156,
        2.004596710205078,
        1.8703213930130005,
        1.217776894569397,
        1.6331863403320312,
        1.0300074815750122,
        1.1060822010040283,
        0.6564809679985046,
        0.9851331114768982,
        1.1095637083053589,
        0.887802004814148,
        0.9921726584434509,
        0.7151393294334412,
        0.5504552721977234,
        0.5348471403121948,
        0.9156304597854614,
        0.6699159145355225,
        0.6419645547866821,
        0.6140867471694946,
        0.4261495769023895,
        0.4948866367340088,
        0.5063639879226685,
        0.5495847463607788,
        0.42868196964263916,
        0.3870995342731476,
        0.285543292760849
    ],
    "avg_dl_time": 10.78766299057752,
    "utilization": 68.46138107416878,
    "avg_thrpt": 2859.0452469325687,
    "avg_training_time": 10.808843999123201,
    "avg_calc": 0.021181008545681834,
    "peak_mem_avg": 3060.91064453125
}