{"g_loss": [5.316744394448339, 4.977173190944049, 5.168191362400444, 5.16269879316797, 5.259430135999407, 5.034367004219367, 5.11309566059891, 5.248962815926999, 5.156704206855929, 4.9679737966887805, 4.825014110730619, 4.7041263288381145, 4.543944108851102, 4.908698693830139, 4.754592450297609, 4.67447271638987, 4.56177597333278, 4.468078213078635, 4.240165798031554, 4.052189968678416, 4.010578322167299, 4.031808922485429, 3.791709541058054, 3.6760312720220916, 3.645560395960905, 3.5580964526351617, 3.483443999777035, 3.497588016548935, 3.355974883449321, 3.2145323996641197], "d_loss": [0.6107969189024701, 0.42908153188776, 0.45951914361545015, 0.43392190002665226, 0.4155223257459548, 0.3686520848043111, 0.41658992879092693, 0.3776840310619802, 0.3588786059040196, 0.37392580874112186, 0.37549336687946805, 0.3779023799437041, 0.35308617528299896, 0.3426734724899336, 0.3254557760546402, 0.31288869412881987, 0.350783661197947, 0.28488354038979324, 0.32570167404732536, 0.30822506584987347, 0.2814990032692345, 0.2818658011680355, 0.25696656997410616, 0.24578143002427355, 0.23316538995321917, 0.21110524868174474, 0.19822850089748295, 0.161329393826273, 0.1670847960120561, 0.16353440718079099], "IS": [1.637920618057251, 1.8994874954223633, 1.9959217309951782, 2.1275715827941895, 2.231642007827759, 2.286975860595703, 2.3203940391540527, 2.368882656097412, 2.4045989513397217, 2.4365601539611816, 2.4501519203186035, 2.4739160537719727, 2.4999947547912598, 2.5191028118133545, 2.5355453491210938, 2.5646746158599854, 2.5839340686798096, 2.598844051361084, 2.6063432693481445, 2.61442494392395, 2.6349570751190186, 2.6514790058135986, 2.6704745292663574, 2.6737120151519775, 2.6876208782196045, 2.706956386566162, 2.7193024158477783, 2.726524829864502, 2.7461745738983154, 2.750401020050049], "FID": [17.360313415527344, 14.39144229888916, 6.743167400360107, 3.550008535385132, 3.8157451152801514, 4.172104835510254, 2.715968608856201, 2.442056179046631, 1.4805694818496704, 1.8534281253814697, 1.7221561670303345, 1.3197104930877686, 1.3012926578521729, 1.2455297708511353, 0.858948290348053, 0.7652604579925537, 0.9463315606117249, 1.107027292251587, 0.7913684248924255, 0.7150249481201172, 0.700100839138031, 0.7901881337165833, 0.6328501105308533, 0.7073858380317688, 0.9463034272193909, 0.5758641362190247, 0.6373025178909302, 0.5755840539932251, 0.7440604567527771, 0.692003071308136], "avg_dl_time": 8.146608072938397, "utilization": 86.74574829931973, "avg_thrpt": 1879.4728807811794, "avg_training_time": 8.169008209882303, "avg_calc": 0.022400136943906544, "peak_mem_avg": 3903.96142578125}