{"g_loss": [5.425267113714802, 4.786755698067801, 5.129448787290222, 5.311093329166879, 5.5154145785740445, 5.46884427143603, 5.32191324477293, 5.238585363845436, 5.259266515167392, 4.978907923309171, 4.717985990096111, 4.918356112679657, 4.713692347614133, 4.806256750408484, 4.904519188160799, 4.522073771272387, 4.434808329660065, 4.212924531527928, 4.462030305546158, 4.232456900635544, 4.173980411218137, 4.087882189118132, 3.817480977700681, 3.6633701458269234, 3.504218188475589, 3.5642732758911286, 3.443577554761147, 3.2894294614694557, 3.39236912557057, 3.436683003999749], "d_loss": [0.584087538247814, 0.46858418155081416, 0.4562956005030749, 0.40086354915888944, 0.37157028552372845, 0.385865717213981, 0.3672852696356725, 0.3555726683413496, 0.34849170834890436, 0.4099689612583238, 0.37722361452725467, 0.3849581864719488, 0.3738603987255875, 0.3678620520751087, 0.32715776779365785, 0.33103654335956184, 0.36897631476120074, 0.3001081516624105, 0.3452440896356592, 0.3066227605984527, 0.2775293641096475, 0.3029382470234924, 0.27834576125047644, 0.24153923209072375, 0.24366744961209444, 0.204376008361578, 0.21843650066578874, 0.20024038452122891, 0.16053374982153884, 0.13093482716275112], "IS": [1.7731809616088867, 2.237943172454834, 2.409794807434082, 2.4057729244232178, 2.441021203994751, 2.4719696044921875, 2.477543830871582, 2.492685317993164, 2.5034539699554443, 2.512880802154541, 2.518432140350342, 2.5292887687683105, 2.5269036293029785, 2.5451784133911133, 2.587888717651367, 2.582252025604248, 2.5848820209503174, 2.5962073802948, 2.616814613342285, 2.6555919647216797, 2.6568779945373535, 2.6706531047821045, 2.6685945987701416, 2.68719482421875, 2.7035717964172363, 2.70809268951416, 2.72452974319458, 2.7359910011291504, 2.754758596420288, 2.77276611328125], "FID": [13.905733108520508, 6.292057037353516, 4.768759250640869, 3.8762738704681396, 2.668233871459961, 3.375192403793335, 3.3898205757141113, 3.252706289291382, 2.8874893188476562, 1.973089575767517, 1.986968994140625, 1.8286445140838623, 1.647660493850708, 1.5050829648971558, 1.817517876625061, 2.50827956199646, 1.551390528678894, 1.1619435548782349, 1.2931485176086426, 0.577994704246521, 0.7358486652374268, 0.7227751612663269, 1.330502986907959, 0.6535405516624451, 0.7551333904266357, 0.9313392043113708, 0.489667147397995, 0.6613382697105408, 0.5892921686172485, 0.7070132493972778], "avg_dl_time": 7.902467876657223, "utilization": 87.84336734693876, "avg_thrpt": 1938.3035626219958, "avg_training_time": 7.9241394644292695, "avg_calc": 0.021671587772046527, "peak_mem_avg": 3903.96142578125}