{"g_loss": [5.881092227235133, 4.631617217647786, 5.053109412290612, 4.488168675072339, 4.895533902304513, 5.8483424989544615, 5.341177692218703, 5.209967666742753, 5.23899997010523, 5.34560070962322, 5.332595474865972, 5.479341701585419, 5.08393859619997, 4.9934364557266235, 5.058025907497017, 4.667335914105785, 4.682717892588402, 4.41090253907807, 4.237544534157734, 4.300198788545569, 4.260543472912847, 3.8678790428200545, 3.9537535905838013, 4.1436129029916255, 3.7527953094365647, 3.4334477356501987, 3.2787492932105553, 3.073434878368767, 2.917040236142217, 2.920684753632059], "d_loss": [0.6262186840936845, 0.5709678929071037, 0.4149538789476667, 0.489789609246108, 0.4520153971959133, 0.4172350026819171, 0.42264216302000746, 0.3706016844632674, 0.360152361344318, 0.2934505633097522, 0.3273458643531313, 0.3719545183133106, 0.3016134311958235, 0.3147392455412417, 0.32403070038678694, 0.31639841966787163, 0.30850720451194413, 0.30050092281735674, 0.2788683270313302, 0.27844090698933116, 0.31259699424310605, 0.2748731069114743, 0.26563013223361, 0.2277253654842474, 0.2649386833821024, 0.23278387711972606, 0.23082285496045132, 0.22597036799606013, 0.22210500571800737, 0.196654207396264], "IS": [1.5217589139938354, 1.7280280590057373, 1.791144609451294, 2.031296730041504, 2.0973572731018066, 2.1520254611968994, 2.2231345176696777, 2.281968116760254, 2.3362371921539307, 2.347766399383545, 2.378667116165161, 2.396432399749756, 2.3913381099700928, 2.395479440689087, 2.4135196208953857, 2.416238307952881, 2.433079481124878, 2.464479446411133, 2.484283924102783, 2.4806113243103027, 2.502553939819336, 2.5059421062469482, 2.509896755218506, 2.512902021408081, 2.5264618396759033, 2.5315887928009033, 2.5429365634918213, 2.5532174110412598, 2.5668063163757324, 2.584965229034424], "FID": [19.522951126098633, 18.56289291381836, 13.429694175720215, 7.024409770965576, 9.330679893493652, 5.673209190368652, 4.5565900802612305, 2.6962344646453857, 3.2136335372924805, 2.948284149169922, 2.8054544925689697, 3.742469549179077, 3.561199903488159, 2.075899600982666, 1.703751802444458, 2.3928868770599365, 1.7284530401229858, 2.1808245182037354, 1.2572118043899536, 1.9639673233032227, 1.0989282131195068, 1.0876938104629517, 1.6768267154693604, 1.3856428861618042, 0.7549874186515808, 1.0201728343963623, 0.9094741344451904, 1.252845287322998, 0.9974538087844849, 0.871997058391571], "avg_dl_time": 7.390638156483571, "utilization": 90.80442176870746, "avg_thrpt": 4273.397628463189, "avg_training_time": 7.455289451684803, "avg_calc": 0.06465129520123204, "peak_mem_avg": 5590.06201171875}