{"g_loss": [4.877249144837069, 4.963319484382639, 4.378135949601908, 4.411771255380967, 4.281716002222827, 4.184246569338357, 4.177087174352173, 4.140676291759514, 4.182577136265652, 4.121626118869733, 4.0206391460945845, 4.397083190853333, 4.433467796391539, 4.603273188823934, 4.546291666617498, 4.34271483450099, 4.309046735925138, 4.389004240305546, 4.2927125088699025, 4.262266772939726, 4.304938811132365, 4.247449485923323, 4.302633611747371, 4.401472866992512, 4.343711321501781, 4.287791053200012, 4.4480643324230025, 4.223781098490176, 4.187842134319608, 4.134335999598589], "d_loss": [0.5373207904360331, 0.4992933716253399, 0.5605317806524922, 0.4965890803472008, 0.5078699920050171, 0.5047353780673592, 0.505393086568169, 0.45794912081812045, 0.45748077297721373, 0.42817075426221046, 0.4229890376310367, 0.34140962602384867, 0.361933684047988, 0.31134041149140623, 0.29872047405003965, 0.3081412753971565, 0.268879137111499, 0.25775973029587124, 0.27517565974818015, 0.24590672608322042, 0.24797241992848304, 0.19971447716922025, 0.19276545992802324, 0.15984532271828644, 0.1655532763770703, 0.1435860368182592, 0.12764095958343724, 0.12981637598960982, 0.10809525580543196, 0.0963707981390588], "IS": [1.7181026935577393, 2.1282739639282227, 2.373969554901123, 2.455540895462036, 2.5843329429626465, 2.6285972595214844, 2.7022864818573, 2.7254858016967773, 2.804314136505127, 2.8237075805664062, 2.800694227218628, 2.8266260623931885, 2.8571979999542236, 2.885838508605957, 2.9019532203674316, 2.9305014610290527, 3.0208888053894043, 3.023716449737549, 3.0439913272857666, 3.057210922241211, 3.087869167327881, 3.1049728393554688, 3.1099495887756348, 3.1249794960021973, 3.1586520671844482, 3.1641159057617188, 3.169119358062744, 3.1930594444274902, 3.2117176055908203, 3.233391523361206], "FID": [6.644117832183838, 2.48709774017334, 1.2019718885421753, 1.3855400085449219, 1.356589674949646, 1.0560972690582275, 0.7360138297080994, 1.473070502281189, 0.7477961778640747, 0.9020638465881348, 1.0708075761795044, 0.7951193451881409, 0.9239889979362488, 0.9196709394454956, 0.9082989692687988, 0.8290482759475708, 0.7162654399871826, 0.9498370289802551, 0.9599176645278931, 0.8361406326293945, 0.8785866498947144, 0.8200263977050781, 0.46047261357307434, 0.8835225105285645, 0.5061339735984802, 0.57655268907547, 0.5600607991218567, 0.4664894938468933, 0.6237878203392029, 0.6230347156524658], "avg_dl_time": 11.700197383171568, "utilization": 76.268968456948, "avg_thrpt": 940.9136668116819, "avg_training_time": 11.71697599592929, "avg_calc": 0.016778612757722536, "peak_mem_avg": 2638.13623046875}