{"g_loss": [5.799125333221591, 4.541499575790094, 5.130948524085843, 5.331786437910431, 4.897042967835251, 5.585213247610598, 5.391982805972197, 5.440636586169807, 5.516624929953594, 5.461198079342744, 5.42902406381101, 5.403837449696599, 4.946103353889621, 5.234345801022588, 4.96871956027284, 4.778305355383425, 4.912931726903332, 4.54623438387501, 4.578718830128105, 4.992193263404223, 4.127395374434335, 4.128668201212981, 4.089930220526092, 3.845221546231484, 3.781528407213639, 3.6252572585125358, 3.631955533611531, 3.382363788935603, 3.259160732736393, 3.097237509124133], "d_loss": [0.6618999743796125, 0.6137034164703622, 0.40830802947891004, 0.3735060482000818, 0.4198153522245738, 0.40822955836751024, 0.351931097860239, 0.32813532650470734, 0.356532130466432, 0.327651000068504, 0.31409393243339595, 0.314613016968479, 0.33713872076905504, 0.3587478444892533, 0.310729834650244, 0.29402358373817133, 0.2602854471425621, 0.2838913727627725, 0.2622781012739454, 0.342937134890532, 0.2889260999402221, 0.2596204677710728, 0.27355978561907396, 0.23175871052912303, 0.23452656761724122, 0.21088567406547312, 0.18776054125355215, 0.17522872938793532, 0.17339508554765157, 0.16368297343047297], "IS": [1.7921454906463623, 1.8301382064819336, 2.0893170833587646, 2.2496986389160156, 2.4085001945495605, 2.4621548652648926, 2.4098734855651855, 2.43097186088562, 2.4604246616363525, 2.505894899368286, 2.5216827392578125, 2.5328688621520996, 2.5430893898010254, 2.581479549407959, 2.579516649246216, 2.5850377082824707, 2.582580327987671, 2.574643135070801, 2.5717592239379883, 2.586045026779175, 2.5809319019317627, 2.5964276790618896, 2.595081090927124, 2.603266716003418, 2.6069087982177734, 2.608658790588379, 2.6172618865966797, 2.626673460006714, 2.63633394241333, 2.6440141201019287], "FID": [21.48967933654785, 18.82058334350586, 22.49102210998535, 8.86124038696289, 5.429909706115723, 5.197279930114746, 6.622802257537842, 4.3975725173950195, 4.336008548736572, 2.7952191829681396, 2.258657455444336, 3.0930545330047607, 1.9679226875305176, 2.3294105529785156, 2.192166805267334, 2.537147283554077, 1.927081823348999, 2.057046413421631, 2.095036268234253, 1.4717860221862793, 2.1837167739868164, 1.3606376647949219, 1.3899881839752197, 2.007807970046997, 1.1134459972381592, 1.6590183973312378, 1.352777361869812, 1.3228408098220825, 1.4879169464111328, 1.3317211866378784], "avg_dl_time": 7.6450747339986265, "utilization": 89.8704081632653, "avg_thrpt": 4138.872006338299, "avg_training_time": 7.710249665674443, "avg_calc": 0.06517493167581657, "peak_mem_avg": 5590.06201171875}