{"g_loss": [5.354017605586928, 4.815494055650672, 5.149943946575632, 4.984000629308272, 5.0225289914072775, 5.148249403554566, 5.123065577477825, 5.099573489354581, 4.750719119091423, 4.753825561124451, 4.839644490456094, 4.583528045336811, 4.906231740299536, 4.6896814448492865, 4.626663407500909, 4.572754595352679, 4.693205159537646, 4.18440150606389, 4.339463038103921, 4.192890777879832, 3.8132005917782688, 4.364240348339081, 4.0217446855136325, 3.9240313561595217, 3.8050280785074038, 3.6468014485982, 3.555804744058726, 3.559057749047571, 3.4632890808339023, 3.52757869812907], "d_loss": [0.6032768142390617, 0.41816897351978993, 0.4470219339947311, 0.4450679338556163, 0.45592889683891313, 0.39266259466507, 0.3996280884104116, 0.41628080294752606, 0.37316024713978474, 0.4234506791191442, 0.4174071004880326, 0.3939216742862244, 0.3612029550559058, 0.3406739729095478, 0.34252679505746586, 0.33415984407979615, 0.34535996950402553, 0.335146073784147, 0.3069797294708539, 0.2875887517038049, 0.2727810993258442, 0.2409676700754433, 0.24125330245160326, 0.23122683851694575, 0.207481196454289, 0.20391195370074439, 0.17173160456729178, 0.16246354906838767, 0.15236622539862077, 0.12625244951673917], "IS": [1.5351028442382812, 1.9737052917480469, 2.2469239234924316, 2.298962116241455, 2.353672504425049, 2.427461624145508, 2.432239055633545, 2.4616565704345703, 2.4944190979003906, 2.5006237030029297, 2.521157741546631, 2.5566134452819824, 2.574557065963745, 2.5924830436706543, 2.6078407764434814, 2.616367816925049, 2.622544288635254, 2.6323330402374268, 2.637113094329834, 2.6521153450012207, 2.6768298149108887, 2.690208673477173, 2.719055652618408, 2.73344349861145, 2.7540674209594727, 2.777456760406494, 2.7926783561706543, 2.8057737350463867, 2.8142037391662598, 2.8246631622314453], "FID": [20.647106170654297, 6.908649444580078, 6.485661029815674, 5.525259017944336, 2.883671283721924, 2.724118709564209, 2.606295347213745, 3.033231258392334, 2.4715306758880615, 2.08565616607666, 1.7993477582931519, 1.7782377004623413, 1.4604912996292114, 1.0074881315231323, 0.9671077132225037, 1.2820345163345337, 1.2228991985321045, 1.3575243949890137, 0.7723618149757385, 0.934507429599762, 0.662449300289154, 0.7572962045669556, 0.9048337340354919, 0.6625337600708008, 0.7003282904624939, 0.566378653049469, 0.5788305401802063, 0.4616813659667969, 0.5920676589012146, 0.7912600636482239], "avg_dl_time": 9.646154913151015, "utilization": 69.6767006802721, "avg_thrpt": 1584.5942927743056, "avg_training_time": 9.667299864906818, "avg_calc": 0.021144951755801836, "peak_mem_avg": 3903.96142578125}