{
    "g_loss": [
        5.971033215522766,
        4.736064708962733,
        4.7263995506325545,
        4.505789017190739,
        5.089880996820878,
        4.844307807027077,
        5.300575699125018,
        5.2336690012289555,
        5.373192847991477,
        5.056921224204862,
        5.228233283879805,
        5.463111838515924,
        4.724828369763433,
        4.972318235708743,
        4.436273348574736,
        4.7892307140389265,
        4.6171829870768955,
        4.477340031643303,
        4.241942666014847,
        4.284464373880503,
        4.278630234757248,
        4.267462995587563,
        3.9824602822868194,
        3.8036492430433935,
        3.6545350770561065,
        3.5761083315829842,
        3.32041580823003,
        3.261671229284637,
        3.0507973700153586,
        3.136628202029637
    ],
    "d_loss": [
        0.5722241448808689,
        0.5503496437960741,
        0.48114871461780706,
        0.49007054281478024,
        0.44488127043052594,
        0.43063303767418376,
        0.38495638054244374,
        0.3533214967773885,
        0.35257391129829446,
        0.367651426062292,
        0.35350797766325426,
        0.32202221164289785,
        0.31460585217086634,
        0.3736903340536721,
        0.3230421827459822,
        0.3519586006901702,
        0.331727495455012,
        0.31859050599896177,
        0.3428450654051742,
        0.26146250811158395,
        0.2688183872675409,
        0.2597869357132182,
        0.24313410477978842,
        0.2341260589203056,
        0.2184822460522457,
        0.21091909691387292,
        0.24090177246502467,
        0.2078277715006653,
        0.21121889793751192,
        0.17263413768033592
    ],
    "IS": [
        1.8509591817855835,
        2.0370993614196777,
        2.3877453804016113,
        2.347383975982666,
        2.4214417934417725,
        2.422633647918701,
        2.4180350303649902,
        2.492072582244873,
        2.4789774417877197,
        2.4706056118011475,
        2.478372812271118,
        2.514119863510132,
        2.519167900085449,
        2.527648687362671,
        2.536877393722534,
        2.5472609996795654,
        2.5449562072753906,
        2.5520243644714355,
        2.553776979446411,
        2.5427193641662598,
        2.556196451187134,
        2.5554680824279785,
        2.557286262512207,
        2.5628085136413574,
        2.575199604034424,
        2.571894645690918,
        2.573838472366333,
        2.5729122161865234,
        2.579428195953369,
        2.585955858230591
    ],
    "FID": [
        19.4505615234375,
        15.126358032226562,
        8.913652420043945,
        11.744711875915527,
        5.2775750160217285,
        5.494333744049072,
        6.302227020263672,
        5.210142135620117,
        4.771482467651367,
        4.014149188995361,
        2.367288589477539,
        2.4636573791503906,
        1.705193042755127,
        2.267822265625,
        2.259523868560791,
        2.1129302978515625,
        1.6975804567337036,
        2.1046698093414307,
        1.4946537017822266,
        1.8481686115264893,
        1.6070058345794678,
        1.634713888168335,
        1.1742759943008423,
        1.2513929605484009,
        1.340759038925171,
        1.508249044418335,
        1.1978117227554321,
        1.0740869045257568,
        1.0216892957687378,
        1.076545000076294
    ],
    "avg_dl_time": 8.929257067091141,
    "utilization": 72.56700680272111,
    "avg_thrpt": 3551.523282798764,
    "avg_training_time": 8.994247413612902,
    "avg_calc": 0.06499034652176003,
    "peak_mem_avg": 5590.06201171875
}