{"g_loss": [5.036396654365618, 4.571138053598916, 4.393571141278348, 4.302071780652342, 4.127318173113381, 4.02328065098704, 3.936202584706304, 3.691053660476909, 3.7243477332470056, 3.604715822221678, 3.7137563786924344, 3.7965400055946446, 3.8166079258598633, 3.806711452239005, 3.788979756700642, 3.8474421673728263, 3.7865712980327704, 3.8696346414058715, 3.866106451396137, 3.8846939857048755, 4.115360368437463, 4.026606009591876, 4.114732195196859, 4.154819897983385, 4.20036932216276, 4.178943481591657, 4.062900457235858, 4.033590413191739, 3.996005494271398, 3.971609726281422], "d_loss": [0.5131879851050541, 0.5120219235186991, 0.5442318612581019, 0.529936772478206, 0.553276348992458, 0.526651005953779, 0.5207135492788099, 0.5401584348162575, 0.523534487447013, 0.4938053020545284, 0.4648528979695819, 0.4192225937028904, 0.4213598679913127, 0.37943677931471403, 0.36745117323192034, 0.3543822306548924, 0.31202922620908224, 0.2853818863363522, 0.3104118986193405, 0.2567191402334958, 0.25565115402898064, 0.2038004917314138, 0.18693953387491652, 0.18297665732819826, 0.15298116883582166, 0.1488698328585576, 0.1503896800446255, 0.12947967941241573, 0.11900048176674625, 0.10267935588460445], "IS": [1.6416966915130615, 1.998119592666626, 2.1286332607269287, 2.2542941570281982, 2.317812442779541, 2.4257469177246094, 2.482642412185669, 2.524149179458618, 2.574181079864502, 2.6266114711761475, 2.650839328765869, 2.6456024646759033, 2.720108985900879, 2.72110915184021, 2.7450997829437256, 2.7782351970672607, 2.797214984893799, 2.820976972579956, 2.831174373626709, 2.8609886169433594, 2.9063608646392822, 2.9061756134033203, 2.944877862930298, 2.967620372772217, 2.9810006618499756, 3.0170459747314453, 3.0401382446289062, 3.0786166191101074, 3.0946590900421143, 3.120616912841797], "FID": [7.990793704986572, 2.5276355743408203, 2.7309088706970215, 2.0812435150146484, 1.4593329429626465, 1.808430790901184, 1.5617021322250366, 1.3517682552337646, 1.0565667152404785, 0.9926058053970337, 1.3719240427017212, 1.3095697164535522, 1.1552571058273315, 1.1569924354553223, 1.5054295063018799, 0.962028443813324, 1.1182663440704346, 0.9865657687187195, 1.443877100944519, 0.965798020362854, 1.4634134769439697, 1.022814393043518, 0.9428498148918152, 1.1287896633148193, 1.0798449516296387, 0.9838648438453674, 0.9935579299926758, 0.8391297459602356, 0.8722828030586243, 0.9255657196044922], "avg_dl_time": 11.988392163269843, "utilization": 76.67480818414323, "avg_thrpt": 997.7854876562038, "avg_training_time": 12.001397528437277, "avg_calc": 0.013005365167434018, "peak_mem_avg": 2638.13623046875}