{
    "g_loss": [
        5.320402049042684,
        5.212004867051264,
        4.914848165438913,
        4.842344879799182,
        4.457771048216563,
        4.4105531718115065,
        4.401968415131044,
        4.3629952900854825,
        4.257091639215684,
        4.254868542141927,
        4.073890336029365,
        4.035136367582604,
        4.130884936398558,
        4.160370184332513,
        3.9636226179044876,
        4.061151623421008,
        4.057388148039503,
        3.716013972106797,
        3.700260912327815,
        3.692302052017368,
        3.743819041630191,
        3.692438715172079,
        3.7689963829181994,
        3.822970452515975,
        3.7486176637127575,
        3.740470108168814,
        3.775200005382528,
        3.8021112396893906,
        3.724963688789426,
        3.7503216522733878
    ],
    "d_loss": [
        0.5043068083046037,
        0.4500155154701389,
        0.48393703844693614,
        0.4848555701849101,
        0.49854436749235137,
        0.5144007334014034,
        0.489529313143257,
        0.4756203428330019,
        0.4879775998156394,
        0.4614917691558828,
        0.46875648421552174,
        0.4616460786070055,
        0.41803538433426174,
        0.4154460663952486,
        0.38662131723311854,
        0.37051120448066754,
        0.3614028283511586,
        0.3792233357915793,
        0.4009606993335592,
        0.29761279326723056,
        0.2634335000572912,
        0.31920822936555615,
        0.22175988575915243,
        0.2082067119610279,
        0.18255760391121326,
        0.1829376962140698,
        0.15853282466264026,
        0.13852054845360692,
        0.12517868210097102,
        0.11178419598475899
    ],
    "IS": [
        1.6068007946014404,
        2.0345821380615234,
        2.1766610145568848,
        2.278001070022583,
        2.339472532272339,
        2.378058671951294,
        2.502535343170166,
        2.5807318687438965,
        2.6191506385803223,
        2.6422019004821777,
        2.651188850402832,
        2.6990795135498047,
        2.758423089981079,
        2.7677390575408936,
        2.7883992195129395,
        2.8281409740448,
        2.8423354625701904,
        2.875993490219116,
        2.9066994190216064,
        2.93527889251709,
        2.942472219467163,
        2.9473509788513184,
        2.9743173122406006,
        2.9893617630004883,
        3.005711555480957,
        3.012097120285034,
        3.020031452178955,
        3.0356063842773438,
        3.0399489402770996,
        3.038484573364258
    ],
    "FID": [
        13.55749225616455,
        3.3241257667541504,
        4.000075340270996,
        2.3100740909576416,
        2.2978105545043945,
        1.8876038789749146,
        1.5332249402999878,
        1.6624380350112915,
        1.2031525373458862,
        1.648747205734253,
        1.32304048538208,
        0.7742513418197632,
        1.2338346242904663,
        0.8589800596237183,
        0.6252532601356506,
        0.6674725413322449,
        0.55460125207901,
        0.48987239599227905,
        0.6690084934234619,
        0.7054590582847595,
        0.8003811836242676,
        0.7267632484436035,
        0.505278468132019,
        0.4494670629501343,
        0.49666208028793335,
        0.6438676118850708,
        0.7008413672447205,
        0.5303446054458618,
        0.5873340964317322,
        0.5948361754417419
    ],
    "avg_dl_time": 9.004316029635568,
    "utilization": 83.35618073316283,
    "avg_thrpt": 3406.728715544674,
    "avg_training_time": 9.025300645269454,
    "avg_calc": 0.020984615633885064,
    "peak_mem_avg": 3060.91064453125
}