{"g_loss": [5.8982370313333, 4.389007113417801, 4.928366130712081, 4.685322433101888, 4.3867299714866945, 4.717151576158952, 4.610431870635675, 4.538341814157914, 4.338818209511893, 4.172964446398677, 4.115632740818724, 3.8531419087429435, 3.709974849406554, 3.696451809941506, 3.561938995609478, 3.4360487266462676, 3.761369920506769, 3.61129854163345, 3.8465356741632735, 3.7132694271146036, 3.7004115847604617, 3.5718306667950688, 3.796225187729816, 3.802124246042602, 3.671046350683485, 3.655577256971476, 3.485857461027953, 3.484610377525797, 3.2387951776689414, 3.4005497207446975], "d_loss": [0.9872084611228534, 1.2420522497624766, 0.9923555850982666, 1.0206397416032091, 0.8848311070884977, 0.9117344614802575, 1.076476860411313, 0.9009657702883895, 1.1051418659638386, 1.0144974446418333, 0.9423312027843631, 1.0527536595354274, 1.0432021484083058, 1.0319104456171697, 1.0951794020983638, 1.0089306277888161, 1.0995888716104079, 1.0267074244971177, 1.0493028063555152, 0.983035534620285, 0.9587177010823269, 1.0458999294407514, 1.0052885656454125, 0.9715383661036588, 1.0045754188785747, 1.082296380583121, 1.1217008525011491, 1.1200492348597975, 1.0222523051257035, 1.109367782972297], "IS": [1.9531443119049072, 2.2981083393096924, 2.4332633018493652, 2.4445698261260986, 2.4036128520965576, 2.3953185081481934, 2.444979190826416, 2.4584500789642334, 2.463745594024658, 2.4588308334350586, 2.461698293685913, 2.4546821117401123, 2.469365358352661, 2.4798667430877686, 2.4930405616760254, 2.5104784965515137, 2.520829677581787, 2.5288662910461426, 2.542217969894409, 2.548861026763916, 2.5612313747406006, 2.5881922245025635, 2.5968000888824463, 2.611093044281006, 2.621558904647827, 2.63563871383667, 2.652919292449951, 2.654386281967163, 2.662935495376587, 2.67254900932312], "FID": [9.668567657470703, 6.664055347442627, 6.152437686920166, 3.863917112350464, 4.905957221984863, 1.7797279357910156, 1.9147486686706543, 3.0834298133850098, 1.9713959693908691, 2.197828531265259, 1.9662511348724365, 1.3365881443023682, 1.6388705968856812, 2.189692258834839, 0.9100852608680725, 0.9068058729171753, 1.2091691493988037, 1.0729607343673706, 0.814927875995636, 0.9748110771179199, 0.8277879357337952, 1.0085647106170654, 1.1370552778244019, 0.7693766951560974, 0.9943534135818481, 0.49842894077301025, 0.8048331141471863, 0.7917786240577698, 0.9305962324142456, 0.6505870223045349], "iteration_times": [], "avg_dl_time": 10.211165614874336, "utilization": 94.22006802721089, "avg_thrpt": 3122.45460095671, "avg_training_time": 10.284213136436302, "avg_calc": 0.07304752156196628, "peak_mem_avg": 5704.80029296875}