{"g_loss": [4.919438542151938, 4.88448370232874, 4.753570008034608, 4.649471832781422, 4.4002092316442605, 4.058070335461169, 4.049728144188316, 3.94675843448055, 3.888645420877301, 3.862231277917721, 4.111996157436955, 4.188889921927939, 4.094029469149453, 3.901579336244233, 3.850330121359047, 3.760986474855822, 3.754429581822181, 3.57754753560436, 3.6006071579699612, 3.45011859767291, 3.36562059515593, 3.4275428926458162, 3.2232704516120103, 3.0106252719249045, 3.0276406498682893, 3.12940552169267, 3.2464914906541913, 3.023954778004495, 3.278900295438967, 3.209145303482988], "d_loss": [1.1503321015257009, 0.9930084238246996, 0.9485124871134758, 0.9322483501568133, 1.0272283503899768, 0.9646902537467529, 1.0247736262271598, 1.0283420573996038, 1.0364797802603976, 1.0446948381711025, 0.8966345145386092, 0.9804548809722978, 0.9587016481221938, 0.8829492108554257, 0.9810994910646458, 1.0138116360318905, 0.9869817673247687, 1.0182840631020313, 0.9678770525723087, 1.0053759869568202, 1.061211924923926, 0.996896352238801, 1.0617900043725967, 1.0660210700363528, 1.1328363856490777, 1.045278592833451, 0.9661842735142124, 1.115214923966904, 0.9155161294097803, 0.9566780610048041], "IS": [2.0829319953918457, 2.250671863555908, 2.283186435699463, 2.3094406127929688, 2.336212635040283, 2.406177043914795, 2.435220241546631, 2.4349894523620605, 2.4532971382141113, 2.4952425956726074, 2.5337066650390625, 2.547600269317627, 2.577225923538208, 2.585122585296631, 2.59352445602417, 2.6016502380371094, 2.6227946281433105, 2.6363141536712646, 2.6551966667175293, 2.670213222503662, 2.684237480163574, 2.7103450298309326, 2.7249503135681152, 2.732287883758545, 2.7472598552703857, 2.7599377632141113, 2.7934281826019287, 2.8023409843444824, 2.8157966136932373, 2.8192086219787598], "FID": [6.2572760581970215, 3.691837787628174, 3.679013729095459, 3.0875799655914307, 2.0313360691070557, 1.318938970565796, 1.2320070266723633, 1.4242994785308838, 1.0026494264602661, 1.3119773864746094, 0.8936644792556763, 1.5592076778411865, 0.7312774658203125, 0.7598984837532043, 0.8999585509300232, 0.740268349647522, 0.6328124403953552, 0.3459751307964325, 0.4683530032634735, 0.3502875566482544, 0.3924233913421631, 0.4158879816532135, 0.3751809000968933, 0.5030004978179932, 0.23869162797927856, 0.26638320088386536, 0.17653706669807434, 0.30087101459503174, 0.24386335909366608, 0.21148575842380524], "iteration_times": [], "avg_dl_time": 10.991850757179781, "utilization": 92.26513605442177, "avg_thrpt": 1399.0834919715437, "avg_training_time": 11.017631928250193, "avg_calc": 0.0257811710704118, "peak_mem_avg": 3966.59912109375}