{"g_loss": [4.89160595220678, 4.141583126371779, 3.617308667651318, 3.876370370769135, 3.798981949572673, 3.444186023662767, 3.3234528380129342, 3.3391537536066647, 3.5477175012592923, 3.5887552972488783, 3.7390076644826427, 3.635450480704117, 3.626518206175445, 3.7196175153545865, 3.631598652361909, 3.6291909058294864, 3.7585995951256552, 3.740288833768376, 3.8189856764262595, 3.865970137536221, 3.9416854693254373, 3.953742500890018, 4.0733050876880625, 4.133507475461763, 4.14635711670627, 4.240277793382288, 4.217432657491935, 4.304128452740096, 4.294166654415067, 4.430494395282377], "d_loss": [1.0335390505278508, 1.1233172979005768, 1.1638208181428178, 1.0579135305703145, 1.059296061715964, 1.0849437311939572, 1.1370747675904838, 1.0593312007882405, 0.9629317344835652, 0.9056431936562214, 0.8212672030967673, 0.8476872475212797, 0.8662650079259178, 0.809450240667595, 0.8352285234348091, 0.8170330700324014, 0.7774909976726908, 0.7388866741467467, 0.7456547886590519, 0.7310646698926874, 0.7186373454397139, 0.669577067408263, 0.6429203091870488, 0.6777696677524111, 0.6023832543531571, 0.6423896408075338, 0.6022877152246968, 0.5897843389750441, 0.578414260278768, 0.5917127408192057], "IS": [1.7353620529174805, 2.158897876739502, 2.395371437072754, 2.4887490272521973, 2.5027835369110107, 2.5725090503692627, 2.577162265777588, 2.6397697925567627, 2.661463499069214, 2.7176077365875244, 2.760023355484009, 2.8022043704986572, 2.829911231994629, 2.875919818878174, 2.898027181625366, 2.9319701194763184, 2.9634785652160645, 3.025089740753174, 3.0573487281799316, 3.0860342979431152, 3.1207356452941895, 3.149651050567627, 3.195002317428589, 3.2238781452178955, 3.2363028526306152, 3.242401599884033, 3.259197235107422, 3.2754180431365967, 3.284881114959717, 3.2886288166046143], "FID": [3.646416425704956, 1.4246073961257935, 1.0762192010879517, 1.007933497428894, 1.0593347549438477, 0.9241670966148376, 0.7616173624992371, 0.852006733417511, 1.085969090461731, 0.6002724766731262, 0.5704341530799866, 0.7686011791229248, 0.6464664936065674, 0.648910641670227, 0.44553110003471375, 0.9385344386100769, 0.577122151851654, 0.5298876762390137, 0.3520727753639221, 0.5626622438430786, 0.39851438999176025, 0.3961234390735626, 0.33878093957901, 0.40004971623420715, 0.380832314491272, 0.4671463072299957, 0.3743758201599121, 0.3803659975528717, 0.4255496561527252, 0.486069917678833], "iteration_times": [], "avg_dl_time": 15.568886980836396, "utilization": 87.84739982949704, "avg_thrpt": 751.7996333884942, "avg_training_time": 15.58372653926781, "avg_calc": 0.014839558431413024, "peak_mem_avg": 2661.69921875}