{
    "g_loss": [
        4.820025618423891,
        4.065085253904543,
        3.7323928652212137,
        3.7626179859085043,
        3.494477652794565,
        3.2939157841150717,
        3.314621189328106,
        3.3823208932608813,
        3.61762489351775,
        3.7297097966074944,
        3.7718177476369052,
        3.7891953273121355,
        3.6159929419579484,
        3.7401911009703297,
        3.6834516265010344,
        3.772108196267201,
        3.7536904801265636,
        3.734895435107105,
        3.803064715481647,
        3.9422111927878225,
        3.9404469651867973,
        3.894648971045604,
        4.112589594024374,
        4.154940869678836,
        4.197774379973865,
        4.262687432220029,
        4.37805046698512,
        4.320668530072231,
        4.2574653960213595,
        4.505867486376592
    ],
    "d_loss": [
        1.0456931509620622,
        1.1194560551811057,
        1.1101795604924107,
        1.1012460101595924,
        1.0933450920426326,
        1.1734083755623044,
        1.1032274948132923,
        1.0403748031162545,
        0.9240348991340078,
        0.8751088039535085,
        0.8364413178637814,
        0.7897073165287295,
        0.8492062901863662,
        0.8002498175405786,
        0.8163404989025325,
        0.7711285432833997,
        0.7571569116752775,
        0.7807197635778991,
        0.722917360465621,
        0.7074419518985102,
        0.7052387335930791,
        0.6851903965120273,
        0.6363180924321303,
        0.6210579219014596,
        0.6280321139756524,
        0.5987542662436091,
        0.5907320028499645,
        0.629437489711377,
        0.6324022396150834,
        0.551707783947363
    ],
    "IS": [
        1.768851637840271,
        2.0177810192108154,
        2.077275514602661,
        2.2201125621795654,
        2.4192655086517334,
        2.5037779808044434,
        2.5944924354553223,
        2.682898759841919,
        2.746809482574463,
        2.7825205326080322,
        2.8286638259887695,
        2.88615083694458,
        2.933518409729004,
        2.9938650131225586,
        3.0534284114837646,
        3.0897068977355957,
        3.142160654067993,
        3.172776937484741,
        3.197190999984741,
        3.2306876182556152,
        3.2759616374969482,
        3.2950477600097656,
        3.3226675987243652,
        3.3542869091033936,
        3.3724963665008545,
        3.3820323944091797,
        3.3924648761749268,
        3.426746368408203,
        3.446734666824341,
        3.472283124923706
    ],
    "FID": [
        3.1530826091766357,
        1.4620592594146729,
        1.5475574731826782,
        1.572195053100586,
        0.8786225318908691,
        0.6101827025413513,
        0.477608859539032,
        0.5465476512908936,
        0.44806596636772156,
        0.7423565983772278,
        0.9137950539588928,
        0.6905294060707092,
        1.1422066688537598,
        0.80783611536026,
        0.8341770768165588,
        0.9287034869194031,
        0.7228967547416687,
        0.45087993144989014,
        0.30103060603141785,
        0.3307608664035797,
        0.38005006313323975,
        0.7406507730484009,
        0.7380232214927673,
        0.3899692893028259,
        0.7388865351676941,
        0.5972074866294861,
        0.6751578450202942,
        0.6179602742195129,
        0.48494428396224976,
        0.533873975276947
    ],
    "iteration_times": [],
    "avg_dl_time": 15.683291358376543,
    "utilization": 84.71730605285592,
    "avg_thrpt": 788.4280772862372,
    "avg_training_time": 15.699828228199234,
    "avg_calc": 0.016536869822690883,
    "peak_mem_avg": 2661.69921875
}