{"g_loss": [5.950943761942338, 4.195606973706459, 4.84850981284161, 4.682423079500393, 4.919348035539899, 4.781142439161028, 4.427297044773491, 4.482183127987142, 4.436567686042007, 4.289518937772634, 4.242574570130329, 3.8885782494836922, 3.746813246182033, 3.6745737407888686, 3.6351165065960007, 3.4835626908711026, 3.5931466586735783, 3.5600678610558414, 3.920624459276394, 3.525706731543249, 3.710825676820716, 3.7061139916887087, 3.8718844697791703, 3.7159414863099856, 3.649280989656643, 3.7584113296197383, 3.563908139053656, 3.3869040964209303, 3.5270645594110293, 3.2780116300801843], "d_loss": [0.9808376927917101, 1.2209334689743665, 0.8980863897167907, 1.0253233109809914, 0.9599082983878194, 0.9459103458389944, 0.9038537372739948, 0.918929782753088, 1.0075953663611898, 1.0314763419482174, 0.984497777965604, 1.03752151648609, 1.0531590130864357, 1.0719706583387998, 1.0837878070923748, 1.0216169360340859, 0.9850229675672493, 1.0670981966719335, 0.9615293330684, 0.9720926743989088, 1.1169310145232143, 0.9617881732327598, 1.0786985973922574, 1.010581410052825, 1.0446397278990065, 0.9470060190984181, 0.9724749947080806, 1.0992620897536376, 0.9729305767283147, 1.1081529527294391], "IS": [1.8929245471954346, 2.1440584659576416, 2.2175393104553223, 2.3038229942321777, 2.3411052227020264, 2.413822650909424, 2.448944568634033, 2.4596405029296875, 2.4535868167877197, 2.464052677154541, 2.466320753097534, 2.479581594467163, 2.4723563194274902, 2.4629592895507812, 2.453183650970459, 2.469883441925049, 2.4833791255950928, 2.486793041229248, 2.49969220161438, 2.5168628692626953, 2.5294461250305176, 2.545198678970337, 2.55692720413208, 2.568101406097412, 2.5776872634887695, 2.5788867473602295, 2.5799624919891357, 2.592107057571411, 2.60514235496521, 2.6167852878570557], "FID": [10.496021270751953, 8.974059104919434, 5.489806175231934, 3.0619490146636963, 3.5801656246185303, 1.8022247552871704, 2.787078619003296, 3.1180055141448975, 1.7912495136260986, 1.6522347927093506, 1.600471019744873, 1.7505038976669312, 1.6452312469482422, 1.5474826097488403, 2.1217453479766846, 0.759509265422821, 1.9926328659057617, 1.2815226316452026, 0.9763216972351074, 0.8726422190666199, 1.5361093282699585, 0.8590574264526367, 0.7130293846130371, 1.1288118362426758, 1.1020939350128174, 0.7057817578315735, 0.9900854229927063, 0.8964875340461731, 0.4939914345741272, 0.5224393606185913], "iteration_times": [], "avg_dl_time": 10.286146472177158, "utilization": 92.38945578231292, "avg_thrpt": 3083.818612368116, "avg_training_time": 10.36052898238413, "avg_calc": 0.07438251020697256, "peak_mem_avg": 5704.80029296875}