{"g_loss": [4.958099649995185, 4.301808621038866, 3.796159379346215, 3.74340002486468, 3.4626185899347903, 3.2015168573385786, 3.206880441711992, 3.195682692043769, 3.3833499779142295, 3.477761626558002, 3.555905136182104, 3.6404160694612187, 3.6117519020948343, 3.834045321130387, 3.7913076918157738, 3.661102042140444, 3.703418779437004, 3.7299798842414718, 3.7554428194628082, 3.7615683032747578, 3.8443833771221283, 3.7687356948204664, 3.89803279531541, 3.9496650586138142, 4.090666004775755, 4.080377409458541, 4.08396025132769, 4.117831045436575, 4.124069873169434, 4.312045411312776], "d_loss": [1.0216267607210543, 1.0527031266552103, 1.1250650591557594, 1.1197243355538533, 1.118843658196042, 1.1732171433965872, 1.1504637321928883, 1.1291832033630527, 0.9964030830527816, 0.9530586070188171, 0.8773135454072367, 0.8825809242361037, 0.8374546929774687, 0.7830108296307151, 0.8214013280770968, 0.8315704813622453, 0.8283893969052892, 0.7691172269337317, 0.7888371680989442, 0.7394131856501255, 0.7244213634477857, 0.7411240026774004, 0.7599329409544425, 0.6678181773770953, 0.6353140544727482, 0.6634757506858815, 0.6682388713902525, 0.6575872864636123, 0.624186403754041, 0.5905125456030869], "IS": [1.595424771308899, 2.043827533721924, 2.1819729804992676, 2.3181047439575195, 2.423163652420044, 2.524724006652832, 2.589001178741455, 2.630282402038574, 2.727642297744751, 2.7580766677856445, 2.7901012897491455, 2.8351852893829346, 2.8857369422912598, 2.9665114879608154, 3.0073933601379395, 3.0655503273010254, 3.0998737812042236, 3.1540024280548096, 3.184312343597412, 3.211496353149414, 3.244004487991333, 3.2884433269500732, 3.3184425830841064, 3.371407985687256, 3.403017044067383, 3.4786198139190674, 3.4997494220733643, 3.4870948791503906, 3.5032172203063965, 3.529684066772461], "FID": [3.020263433456421, 1.6563435792922974, 1.063193440437317, 1.3869118690490723, 1.077190637588501, 0.9563869833946228, 0.48333740234375, 0.5324051976203918, 0.3249289095401764, 0.4329032003879547, 0.3713156282901764, 0.2888197898864746, 0.36045706272125244, 0.4340819716453552, 0.610779345035553, 0.39546647667884827, 0.33872392773628235, 0.3655188977718353, 0.22338390350341797, 0.2587614953517914, 0.2928580641746521, 0.3177642822265625, 0.3082139790058136, 0.2661270797252655, 0.3230760991573334, 0.2649737596511841, 0.2947002053260803, 0.3288593292236328, 0.3304304778575897, 0.32590728998184204], "iteration_times": [], "avg_dl_time": 17.27049435086859, "utilization": 76.15260017050299, "avg_thrpt": 711.0343100847075, "avg_training_time": 17.283565659743424, "avg_calc": 0.01307130887483557, "peak_mem_avg": 2661.69921875}