{"g_loss": [4.9081466137146466, 4.772809820515769, 4.685501590067027, 4.735787174531391, 4.343948804602331, 4.045274161562627, 4.044645193888217, 3.685366008962904, 3.5420637576251615, 3.7873161836546294, 3.59420731724525, 3.84327479472802, 3.9215929185857576, 3.8515069665653363, 3.7828566182632835, 3.649278999895466, 3.5323466670756436, 3.384528213769806, 3.5514030118986053, 3.431972116840129, 3.312846867101533, 3.269165958981125, 3.2535871385919806, 3.2402997701903997, 3.2472120570589085, 3.31740604219388, 3.340529111955239, 3.1839036870443698, 3.200761880069895, 3.2227656341024806], "d_loss": [1.1520712305696643, 0.990408466026491, 0.9730104915037447, 0.9624290627484419, 0.9548692052461663, 1.0025866095508849, 1.0400426323924745, 1.0491278544068336, 1.0849557923419135, 1.0008343114536635, 1.0804028927671665, 0.9652882581766771, 0.9519747913796075, 1.044782384469801, 0.9691370287720038, 1.0176804628299208, 0.9837319288326769, 1.001841786564613, 1.0431208942009478, 1.0077901598142118, 1.0609780052790836, 1.0327200802917382, 0.9705838094256363, 1.0436729384320123, 1.033519406859972, 0.961272773694019, 0.9180148394436253, 0.9999274838031554, 0.9611494579181379, 0.9837157043571375], "IS": [2.4464149475097656, 2.5746090412139893, 2.6349689960479736, 2.5955231189727783, 2.564411163330078, 2.534372329711914, 2.541191339492798, 2.5466456413269043, 2.5369997024536133, 2.510277271270752, 2.5639872550964355, 2.5825657844543457, 2.5835986137390137, 2.610469102859497, 2.634584426879883, 2.6584386825561523, 2.6607260704040527, 2.6714999675750732, 2.681396484375, 2.7001004219055176, 2.706545114517212, 2.7261569499969482, 2.7431743144989014, 2.7484493255615234, 2.759148120880127, 2.781888008117676, 2.795358180999756, 2.810697078704834, 2.8298745155334473, 2.8486690521240234], "FID": [5.341322898864746, 3.11140513420105, 2.2835605144500732, 3.387986421585083, 2.3495888710021973, 1.4526937007904053, 1.1461119651794434, 1.1449459791183472, 1.4310883283615112, 1.5316294431686401, 0.736453115940094, 0.8961043953895569, 0.8585793375968933, 0.7104438543319702, 0.8150158524513245, 0.609505295753479, 0.4562270939350128, 0.3682574927806854, 0.6494836211204529, 0.3943786919116974, 0.4400703012943268, 0.35724517703056335, 0.35141894221305847, 0.41281047463417053, 0.4497295320034027, 0.33326247334480286, 0.42816612124443054, 0.4715690314769745, 0.4060819447040558, 0.28498321771621704], "iteration_times": [], "avg_dl_time": 10.830548821824292, "utilization": 92.89421768707481, "avg_thrpt": 1424.6030427779112, "avg_training_time": 10.854435810464201, "avg_calc": 0.023886988639909155, "peak_mem_avg": 3966.59912109375}