{"g_loss": [5.956509001401006, 4.363572777534018, 5.0186459920844255, 4.805124939704428, 4.90215222446286, 5.048253519194467, 4.790614811741576, 4.172282333276709, 4.190566398659531, 3.9864763435052364, 4.13153982527402, 3.9754100429768466, 3.960146429587384, 3.8137297289712087, 3.649821864098919, 3.4871940600628757, 3.6422972058763308, 3.579698606413238, 3.613870626809646, 3.8315043108803883, 3.9343561834218552, 3.7217730028288707, 3.7211923003196716, 3.6307948517556095, 3.7364500225806725, 3.7679656014150504, 3.418436515087984, 3.406379913797184, 3.2927338152515646, 3.5471229767616914], "d_loss": [1.0620903775704151, 1.1749610025055555, 0.9450302966395203, 0.9575581809087675, 0.9001495610086285, 0.7461733936655278, 0.8251471999956637, 1.0102840868794187, 0.9979899233701278, 1.0314212137339067, 1.0189770083038174, 1.0542567944040104, 1.1361411882906545, 1.0823214187914012, 0.9781130150872834, 1.085748779530428, 1.0068729611075655, 1.0526407175526327, 0.9929910241341104, 1.0278578719922475, 1.076433916785279, 1.0809241989437415, 0.9563122260935453, 1.0313200856349907, 1.0332798045508715, 1.0331006679607897, 1.0453594004621312, 0.9685984810396117, 1.2516241675736952, 1.0355238391428578], "IS": [1.9446547031402588, 2.083743095397949, 2.1889266967773438, 2.235590934753418, 2.301199436187744, 2.334625005722046, 2.371389627456665, 2.385347366333008, 2.4132542610168457, 2.4150192737579346, 2.4123172760009766, 2.4300804138183594, 2.4475834369659424, 2.480666160583496, 2.4954166412353516, 2.488689422607422, 2.4917330741882324, 2.497222423553467, 2.511887788772583, 2.5215375423431396, 2.525792360305786, 2.529806613922119, 2.5362610816955566, 2.561110734939575, 2.565248966217041, 2.5658442974090576, 2.5825257301330566, 2.590804100036621, 2.5954954624176025, 2.612225294113159], "FID": [8.151906967163086, 7.18469762802124, 7.7429327964782715, 3.869586944580078, 4.182000160217285, 2.412850856781006, 1.9051159620285034, 2.8783862590789795, 1.131295919418335, 1.7476807832717896, 1.7739115953445435, 1.5740084648132324, 0.9101790189743042, 1.8003385066986084, 1.263607144355774, 1.747052550315857, 1.10691499710083, 1.253871202468872, 0.795344889163971, 0.8308200836181641, 1.2938255071640015, 0.7421982288360596, 1.0941661596298218, 0.7716860175132751, 0.6622504591941833, 1.25359308719635, 0.9238185286521912, 0.5474936366081238, 1.1487760543823242, 1.2511779069900513], "iteration_times": [], "avg_dl_time": 10.279804181636427, "utilization": 94.2874149659864, "avg_thrpt": 3103.916005606233, "avg_training_time": 10.352607712197157, "avg_calc": 0.07280353056072879, "peak_mem_avg": 5704.80029296875}