{"g_loss": [4.935339070342081, 4.119460748399005, 3.8154528738973696, 3.909513787997653, 3.5349364508600796, 3.3248354646251026, 3.234465273635467, 3.2393795807733943, 3.321717947206991, 3.437394366563891, 3.5560653035950556, 3.720316916099957, 3.6713917512408534, 3.67468248957487, 3.692892643765968, 3.5728221825755035, 3.6664925640487036, 3.732612960516949, 3.7400337399586157, 3.8239350197146007, 3.8027846501771565, 3.871045410518756, 3.9455652209101517, 3.903527974146311, 4.1215297601678795, 4.233044448394395, 4.117886133173265, 4.17006829445479, 4.21351794734159, 4.389251321283094], "d_loss": [1.0652424094536344, 1.0837036425728932, 1.0857787441147868, 1.038853946815976, 1.098055648815144, 1.192240595741345, 1.171812516267952, 1.141349716412137, 1.051122236148933, 0.9850963340772082, 0.8578655955469822, 0.8354203303909058, 0.8240603645096349, 0.8032501122492659, 0.8425338215687695, 0.8837794580442064, 0.7615258754671687, 0.809381424999603, 0.7700380420459964, 0.7228094339942384, 0.7263136088676617, 0.7229251790020015, 0.6675763299541019, 0.7053020467881657, 0.5775322827898786, 0.6637052419021383, 0.6092238957086182, 0.6223213645007909, 0.6365829079133242, 0.5732815807061199], "IS": [1.5520845651626587, 1.9457546472549438, 2.1144700050354004, 2.2465834617614746, 2.419285297393799, 2.4907984733581543, 2.5443532466888428, 2.618870973587036, 2.628587007522583, 2.703767776489258, 2.805304765701294, 2.7971131801605225, 2.841933250427246, 2.8596317768096924, 2.89648699760437, 2.927003860473633, 2.956880569458008, 2.989872455596924, 3.009110689163208, 3.0463178157806396, 3.0692801475524902, 3.08512544631958, 3.107710599899292, 3.1475656032562256, 3.1593728065490723, 3.1972665786743164, 3.213740110397339, 3.244845151901245, 3.2641396522521973, 3.271815538406372], "FID": [4.819970607757568, 2.1204843521118164, 1.4499849081039429, 1.0088218450546265, 0.6218007206916809, 0.7312400937080383, 0.7470188736915588, 0.6653004288673401, 0.6441300511360168, 0.6866611242294312, 0.5461395382881165, 0.7010236978530884, 0.6094203591346741, 0.8568153381347656, 0.6584265232086182, 0.2856447398662567, 0.6504321694374084, 0.41635677218437195, 0.4678434729576111, 0.30533748865127563, 0.24062402546405792, 0.3345441222190857, 0.26987144351005554, 0.22870175540447235, 0.47754839062690735, 0.4335622191429138, 0.21367982029914856, 0.45930418372154236, 0.35925114154815674, 0.33508816361427307], "iteration_times": [], "avg_dl_time": 15.516977806562984, "utilization": 87.6466325660699, "avg_thrpt": 752.9118744650737, "avg_training_time": 15.533246873964284, "avg_calc": 0.016269067401299252, "peak_mem_avg": 2661.69921875}