{"g_loss": [4.8746111922118125, 4.7571224375646946, 4.963825857152744, 4.812364637851715, 4.301691630665137, 4.303616112592269, 3.8920986536814244, 3.655931035474855, 3.446153148362527, 3.5262553644941512, 3.6791413552602945, 3.8868016661429894, 3.9452218124452902, 3.632869229670994, 3.6478956855681477, 3.6056722776622188, 3.490860992548417, 3.469869845375723, 3.4338638790864118, 3.327240263853146, 3.316699704193339, 3.2259691493806657, 3.2019119457322724, 2.9607631662594422, 2.9822044834038435, 2.992903603250351, 2.9403942799651803, 3.068655264316773, 2.9292308472248973, 3.0557097945438354], "d_loss": [1.1445492257421115, 0.9756458850995618, 0.887662239524783, 0.8780348337426478, 1.0030250997871768, 0.9974504061499421, 1.0669414752296038, 1.103557597465661, 1.1132196878292122, 1.0811716146310981, 0.9914147435706488, 1.0110686600816494, 1.0010706160445602, 1.0735937664095236, 0.946242731748795, 1.0187069267338635, 1.0219802359233097, 1.0450768423627834, 0.9979233639884968, 1.1510217959175304, 1.055941149896505, 1.0411218505124658, 1.036634762524342, 1.1776351626126134, 1.0853329945583732, 1.1241114729521227, 1.08397298549511, 0.993049252854318, 0.9982427746361616, 0.9102607319245533], "IS": [2.360708713531494, 2.4870781898498535, 2.5784659385681152, 2.569192409515381, 2.559375286102295, 2.5638585090637207, 2.5852091312408447, 2.5873310565948486, 2.5868144035339355, 2.617854356765747, 2.6333489418029785, 2.6629843711853027, 2.6843326091766357, 2.7035672664642334, 2.7141172885894775, 2.735957384109497, 2.750871419906616, 2.7460029125213623, 2.7600626945495605, 2.7660679817199707, 2.7882184982299805, 2.8062987327575684, 2.820272445678711, 2.8190159797668457, 2.837817907333374, 2.8618273735046387, 2.878321409225464, 2.893322467803955, 2.91534686088562, 2.9212841987609863], "FID": [5.612457275390625, 2.5601303577423096, 2.882474899291992, 2.913346529006958, 1.69001305103302, 1.2760498523712158, 0.9375388622283936, 1.255776286125183, 0.9309053421020508, 0.4674016237258911, 0.653089165687561, 0.9767280220985413, 0.5116726756095886, 0.49115434288978577, 0.6939765214920044, 0.6997132301330566, 0.614165186882019, 0.7280924916267395, 0.5636285543441772, 0.4236500561237335, 0.24029035866260529, 0.4819946885108948, 0.4681798219680786, 0.5139288902282715, 0.3355855345726013, 0.3738483488559723, 0.24201589822769165, 0.3028210401535034, 0.26974886655807495, 0.2282988578081131], "iteration_times": [], "avg_dl_time": 10.812359110607455, "utilization": 92.01717687074829, "avg_thrpt": 1427.18373621594, "avg_training_time": 10.8371057729392, "avg_calc": 0.02474666233174503, "peak_mem_avg": 3966.59912109375}