{"g_loss": [5.056754764245481, 4.906819562522733, 4.646876495711657, 4.6719289945096385, 4.383081121104104, 3.9361704064875234, 3.8115352556413535, 3.654634425226523, 3.767619814495651, 3.7367496271522675, 3.5443134919113044, 3.552438571136825, 3.3728455764298535, 3.3788337312182604, 3.3094086817332675, 3.2384121287233976, 3.1630305782559196, 3.110703606386574, 3.1729491906506673, 3.0549856805983855, 2.9936770825665824, 2.9812589573616886, 3.0763897561297124, 3.00176622171183, 3.1066956583182423, 3.083021979550926, 2.87147513827979, 2.98033577018674, 3.107911141551271, 3.0682122653388246], "d_loss": [1.1283196560962467, 0.918464973264811, 0.9860794664341577, 0.9558823809635882, 0.9657035444159897, 1.0498974054139487, 1.1239426929731757, 1.057375652753577, 1.0340073186219956, 1.0614660018864943, 1.0944086114058689, 1.1193676984735899, 1.1688124143651553, 1.1502166376734266, 1.0844150305706628, 1.0669906958937645, 1.144331162681385, 1.116596200636455, 1.1249967842381827, 1.1215243129705896, 1.1223198643752508, 1.1722101258988282, 1.044532416274353, 1.1058002508112363, 1.1117933593234237, 1.014497764560641, 1.1882672138055976, 1.1159864597174587, 1.0121812201580223, 0.9797147418163261], "IS": [2.181177854537964, 2.6031670570373535, 2.647284746170044, 2.615813732147217, 2.601533889770508, 2.59004545211792, 2.580104112625122, 2.58504056930542, 2.568237781524658, 2.6122469902038574, 2.649176836013794, 2.6566665172576904, 2.670295238494873, 2.6663424968719482, 2.710878849029541, 2.717510461807251, 2.741438150405884, 2.7467498779296875, 2.7555794715881348, 2.784607410430908, 2.7942755222320557, 2.803499698638916, 2.8234829902648926, 2.84368896484375, 2.8671460151672363, 2.8942980766296387, 2.9107518196105957, 2.9257235527038574, 2.9405922889709473, 2.9470345973968506], "FID": [5.740183353424072, 3.595280647277832, 4.017606258392334, 2.320687770843506, 1.8651204109191895, 0.9718632102012634, 1.4510122537612915, 1.0335915088653564, 1.6109174489974976, 1.263176679611206, 1.0068061351776123, 0.9358140826225281, 0.7421684265136719, 0.9526955485343933, 0.6180435419082642, 0.6407996416091919, 0.420965313911438, 0.40152573585510254, 0.6075196862220764, 0.3402772843837738, 0.328931599855423, 0.3056161403656006, 0.2669936716556549, 0.26404276490211487, 0.2163953334093094, 0.23665660619735718, 0.233249232172966, 0.3330089747905731, 0.2829301357269287, 0.17541520297527313], "iteration_times": [], "avg_dl_time": 10.850299559697548, "utilization": 92.98707482993198, "avg_thrpt": 1420.9217813372752, "avg_training_time": 10.874173007629967, "avg_calc": 0.023873447932419366, "peak_mem_avg": 3966.59912109375}