{"g_loss": [4.79404559983012, 4.914986837855386, 4.287484633648182, 4.004196992691825, 3.758693185589655, 3.6974578715879898, 3.7354340871886524, 3.4104865623252167, 3.568501056307722, 3.4087004951199, 3.3733471501285157, 3.3266289644991347, 3.251661590050401, 3.1988860895033078, 3.346597862289385, 3.413963161370791, 3.3798340020059365, 3.3315058712611725, 3.4827319022906407, 3.414035143735616, 3.3704743979027127, 3.4566789783032426, 3.3045286459233756, 3.2752225750561834, 3.294556191500724, 3.331184437341245, 3.373878320998243, 3.3338909646129364, 3.4968359546897854, 3.3787555099629305], "d_loss": [1.1231838683300006, 0.9803841912837894, 1.014282987322039, 1.0558584153347308, 1.051740149860187, 1.1120529377551944, 1.0527526849066204, 1.0940602805913258, 1.0866504432752615, 1.0568559348888105, 1.073207761168175, 1.0075283329886244, 1.0498621597161988, 1.0327423327719158, 0.9852102379817183, 0.9253496364559359, 0.9423094640302536, 0.9244998056641625, 0.8281989078158918, 0.8625498593158429, 0.8690716843775776, 0.8749081520244594, 0.8870499025449119, 0.9050315745041498, 0.8423150408146022, 0.8633755840303953, 0.7945524505565843, 0.851040316435992, 0.790602536876793, 0.7818794307272757], "IS": [1.9136483669281006, 2.116436719894409, 2.1874961853027344, 2.2378339767456055, 2.3758041858673096, 2.416426658630371, 2.463744878768921, 2.48319673538208, 2.5084545612335205, 2.533802032470703, 2.5579352378845215, 2.60902738571167, 2.6429686546325684, 2.67509388923645, 2.704585552215576, 2.717996120452881, 2.759397029876709, 2.8066489696502686, 2.8385238647460938, 2.8612241744995117, 2.8961570262908936, 2.9211840629577637, 2.948765516281128, 2.984412431716919, 3.0130534172058105, 3.0358471870422363, 3.0653762817382812, 3.0930545330047607, 3.1161293983459473, 3.1314101219177246], "FID": [3.9121997356414795, 5.23697566986084, 1.7029109001159668, 2.0401694774627686, 1.359885573387146, 1.241098403930664, 0.8291445970535278, 0.7682584524154663, 1.0152074098587036, 0.6056137681007385, 0.6664104461669922, 0.3555032014846802, 0.505373477935791, 0.5099444389343262, 0.38313111662864685, 0.33208510279655457, 0.36700838804244995, 0.3302435278892517, 0.36105459928512573, 0.41798171401023865, 0.38975757360458374, 0.4049421548843384, 0.3114360570907593, 0.2446693331003189, 0.2518722712993622, 0.3544142544269562, 0.3669244349002838, 0.2886696457862854, 0.1916610449552536, 0.1940666139125824], "iteration_times": [], "avg_dl_time": 12.025083923104102, "utilization": 90.7765558397272, "avg_thrpt": 2561.9198622653535, "avg_training_time": 12.049027816668968, "avg_calc": 0.023943893564864992, "peak_mem_avg": 3097.498046875}