{
    "g_loss": [
        4.964055318966546,
        4.8397251016953415,
        4.460604195704546,
        4.014369079523989,
        3.794553238641271,
        3.6902819384089516,
        3.674551745357416,
        3.385364239579281,
        3.298500234056312,
        3.222279653067479,
        3.136768939473745,
        3.1175514596188085,
        3.204965437769585,
        3.099199191305091,
        3.182943558649105,
        3.3237811371569745,
        3.3343244331991277,
        3.268611254627862,
        3.1643272427761038,
        3.0996394454956513,
        3.2257888323205814,
        3.3095880262077313,
        3.3150317170049832,
        3.1724122224534597,
        3.2350228806895673,
        3.3612698739408837,
        3.391532135038676,
        3.345644942482414,
        3.278064401511846,
        3.3580178721805516
    ],
    "d_loss": [
        1.0623410698550437,
        0.9178336742893815,
        0.9224343508710642,
        0.9923095424919177,
        1.0257299126642745,
        1.1248819850137473,
        1.052716709997343,
        1.113446752662244,
        1.0895440801025351,
        1.125650377986986,
        1.0759973164333407,
        1.1039106415970552,
        1.0349515545398682,
        1.085327848372862,
        1.0079496911419628,
        0.9601998564684787,
        0.9310400716941375,
        0.9491505832852,
        0.9488956162234401,
        0.9881273223006207,
        0.8942838383605108,
        0.8855652783990211,
        0.8670243631543406,
        0.9703089932499029,
        0.8250773952287787,
        0.8439948763841253,
        0.8610730120516799,
        0.7600594195334808,
        0.8702092621180103,
        0.8105973641738258
    ],
    "IS": [
        1.9804284572601318,
        2.259652614593506,
        2.377033233642578,
        2.3698630332946777,
        2.418400287628174,
        2.5062742233276367,
        2.6122236251831055,
        2.6397130489349365,
        2.6616408824920654,
        2.669482707977295,
        2.70139741897583,
        2.7434306144714355,
        2.7876858711242676,
        2.818621873855591,
        2.840822696685791,
        2.8552727699279785,
        2.897416353225708,
        2.9182305335998535,
        2.932866096496582,
        2.976746082305908,
        3.0024218559265137,
        3.0212509632110596,
        3.0388805866241455,
        3.0713706016540527,
        3.090456485748291,
        3.102327823638916,
        3.1162912845611572,
        3.1387107372283936,
        3.1484904289245605,
        3.1671900749206543
    ],
    "FID": [
        2.3125832080841064,
        2.809553623199463,
        1.6327511072158813,
        1.4089304208755493,
        0.9363003969192505,
        0.802065372467041,
        0.7099341154098511,
        0.4350746273994446,
        0.5758249163627625,
        0.625353217124939,
        0.48597192764282227,
        0.5351732969284058,
        0.6600279808044434,
        0.5630591511726379,
        0.347025603055954,
        0.48752349615097046,
        0.3772827088832855,
        0.37081360816955566,
        0.35864508152008057,
        0.3795858919620514,
        0.27350565791130066,
        0.33856505155563354,
        0.2437317669391632,
        0.26022136211395264,
        0.3101916015148163,
        0.28030160069465637,
        0.23107053339481354,
        0.19181323051452637,
        0.2183901071548462,
        0.28154197335243225
    ],
    "iteration_times": [],
    "avg_dl_time": 11.96159995389171,
    "utilization": 91.0542199488491,
    "avg_thrpt": 2576.897512279037,
    "avg_training_time": 11.985469825193286,
    "avg_calc": 0.023869871301576494,
    "peak_mem_avg": 3097.498046875
}