{"g_loss": [4.949283796198228, 4.534716978097511, 4.307459233362047, 3.8139097472590864, 3.8932581039340906, 3.707829709248165, 3.5787303330462494, 3.6321210245342206, 3.5014634336656925, 3.2663752178249457, 3.4169486798441318, 3.2963800966892096, 3.2182959028140967, 3.1599634625593764, 3.3513014990028918, 3.252202815964551, 3.3216185163315908, 3.3310566216878725, 3.3400619449594138, 3.3265046539604475, 3.31295416428043, 3.382849202398449, 3.194360401929187, 3.2961184198746594, 3.286051469233335, 3.257486712254222, 3.34666536820819, 3.3137989122315745, 3.340653660962039, 3.4448590279721163], "d_loss": [1.1208485782032123, 1.0079227954225467, 1.0363129144891754, 1.091095261561596, 1.0963035691196046, 1.0919777204465988, 1.1495485807318822, 1.0761513449346927, 1.0754892650010335, 1.133317002783651, 1.0259508664345802, 1.1087438304863317, 1.0893167931862804, 1.1031308237396542, 0.9908253750227907, 1.0171371128248132, 0.9773006904155702, 0.9046545357198057, 0.9894990379853017, 0.9640006676811697, 0.9792942032027427, 0.8900804758986549, 0.9949000258656109, 0.9101312700135019, 0.914211695570775, 0.9152323698906033, 0.8172005147808958, 0.8845140733529845, 0.8412010015734016, 0.7823832259534875], "IS": [1.8618634939193726, 2.1674304008483887, 2.2595903873443604, 2.2575843334198, 2.3086445331573486, 2.361326217651367, 2.434950590133667, 2.5088675022125244, 2.518026351928711, 2.528804302215576, 2.5631818771362305, 2.61515474319458, 2.6299140453338623, 2.6581368446350098, 2.70607328414917, 2.7446718215942383, 2.7653253078460693, 2.799384117126465, 2.8332791328430176, 2.852203607559204, 2.868394374847412, 2.8976733684539795, 2.924590587615967, 2.9615399837493896, 2.9884226322174072, 3.0149636268615723, 3.0335097312927246, 3.0452375411987305, 3.072486400604248, 3.097676992416382], "FID": [3.9244489669799805, 1.6955701112747192, 1.5811293125152588, 1.926400899887085, 0.9172571897506714, 0.666516900062561, 0.7314594388008118, 0.5631726980209351, 0.8142086863517761, 0.6154901385307312, 0.5651399493217468, 0.6874333024024963, 0.5907628536224365, 0.43072831630706787, 0.44869542121887207, 0.5617138147354126, 0.6112756729125977, 0.6816911697387695, 0.5792902708053589, 0.5134460926055908, 0.45911601185798645, 0.515151858329773, 0.49925556778907776, 0.40715262293815613, 0.3498570919036865, 0.3744378983974457, 0.2912431061267853, 0.40467846393585205, 0.3199414610862732, 0.2973858714103699], "iteration_times": [], "avg_dl_time": 12.102331986737166, "utilization": 90.82173913043478, "avg_thrpt": 2545.923689458381, "avg_training_time": 12.126308354736345, "avg_calc": 0.02397636799917867, "peak_mem_avg": 3097.498046875}