{"g_loss": [4.936924342914006, 4.823584105962378, 4.674156565190581, 3.9283343192256623, 3.642752384743117, 3.632032669337509, 3.7488959603907204, 3.4486455653634525, 3.3267234304676885, 3.2507134821180186, 3.226007002241471, 3.1942513347281825, 3.0882745277127035, 3.2341834282993203, 3.215784268763364, 3.277779151545004, 3.303506233188731, 3.3509822457628635, 3.260502770123884, 3.4270290758679893, 3.278147582660246, 3.319760453813445, 3.2513509775366622, 3.34933762370473, 3.2906533514633014, 3.324900322434161, 3.2788657988886087, 3.34749794829532, 3.25919933622117, 3.3297435992666524], "d_loss": [1.071341039217494, 0.9292026782203513, 0.8819075667339823, 1.0738247841825266, 1.1502334996867363, 1.1009727546473598, 1.0595347249446927, 1.1110749397893696, 1.1444588405701814, 1.1700636659894148, 1.1713564198492739, 1.1640906160902185, 1.200887191630995, 1.1131186406783131, 1.0799811772830652, 1.0219008781568473, 1.0109166421396347, 0.9436742008647041, 0.954642529377852, 0.9486037610132066, 1.0209948318388762, 0.9101970191959226, 0.9255996080463195, 0.9527998160751884, 0.9361740878933226, 0.9634656374869139, 0.8849246921136861, 0.8370793214082108, 0.9307485505595536, 0.8590289461033424], "IS": [2.000897169113159, 2.167696714401245, 2.2597849369049072, 2.2840843200683594, 2.3562426567077637, 2.359149694442749, 2.4195079803466797, 2.5014853477478027, 2.531052827835083, 2.560245990753174, 2.58933162689209, 2.616605520248413, 2.639524459838867, 2.6746811866760254, 2.711088180541992, 2.7299532890319824, 2.7590222358703613, 2.806246519088745, 2.85406756401062, 2.8680851459503174, 2.897390127182007, 2.9399070739746094, 2.974071979522705, 3.0122323036193848, 3.0321662425994873, 3.0539278984069824, 3.080024003982544, 3.1019463539123535, 3.1239495277404785, 3.154583215713501], "FID": [2.983224391937256, 3.0390775203704834, 2.134862184524536, 1.873160481452942, 1.0059295892715454, 1.0448111295700073, 0.6021232604980469, 0.8038634657859802, 1.0789244174957275, 0.38353997468948364, 0.404039204120636, 0.5282535552978516, 0.4486779570579529, 0.4767509698867798, 0.5077466368675232, 0.3998419940471649, 0.29100602865219116, 0.32265380024909973, 0.31547558307647705, 0.4618034064769745, 0.2806093096733093, 0.20366063714027405, 0.28009939193725586, 0.30200687050819397, 0.21382559835910797, 0.2386852651834488, 0.26732057332992554, 0.1770607829093933, 0.2748235762119293, 0.19058912992477417], "iteration_times": [], "avg_dl_time": 12.377901113266125, "utilization": 89.09880647911339, "avg_thrpt": 2492.2498244528565, "avg_training_time": 12.403457554383204, "avg_calc": 0.025556441117078065, "peak_mem_avg": 3097.498046875}