{"g_loss": [5.906433986157787, 4.473114006373347, 4.641311767149944, 4.711496375044998, 4.985401744745215, 4.777086184949291, 4.626660355499813, 4.557610759929735, 4.306625371076623, 4.243645522059227, 3.775447451338476, 3.677702329596695, 3.4339399483739115, 3.799673542684438, 3.691749404887764, 3.390173987466462, 3.793627308339489, 3.891648584482621, 3.5590504642804057, 3.807867159344712, 4.183218029080605, 3.688866218742059, 3.8695573539150003, 3.811428022627928, 3.7848999305647246, 3.883005915855875, 3.754991441965103, 3.5295962150997426, 3.5713635305969085, 3.681606273261868], "d_loss": [0.9945116403455637, 1.1622771711982027, 1.0172220511095864, 0.9054143185518226, 0.9268659870235287, 0.8418649739148666, 0.8508135659658179, 0.9391620326407102, 0.9310222897602587, 0.9931921916348594, 1.045977735397767, 1.0521789287426033, 1.095578526963993, 0.97669005454803, 1.0335586265641816, 1.026749853881038, 0.9836829821674191, 0.9984363472583343, 0.9609223823158108, 1.1148747071927907, 1.0103637959275926, 0.9074936466557639, 1.1159666594193907, 1.011775913895393, 0.8880394356591361, 0.8929421123193235, 1.0609145714920394, 1.1159151932414697, 0.9013397273968677, 0.9697844465168155], "IS": [1.9454877376556396, 2.1617462635040283, 2.2284152507781982, 2.2629170417785645, 2.289912223815918, 2.2953598499298096, 2.3397486209869385, 2.386018991470337, 2.381568670272827, 2.41379976272583, 2.442953586578369, 2.448767900466919, 2.4569358825683594, 2.4707741737365723, 2.5000481605529785, 2.507655382156372, 2.515659809112549, 2.517744541168213, 2.535428047180176, 2.5440797805786133, 2.553635835647583, 2.562426805496216, 2.58069109916687, 2.595494031906128, 2.602602243423462, 2.6091606616973877, 2.6205482482910156, 2.6259090900421143, 2.6358084678649902, 2.6406192779541016], "FID": [9.39923095703125, 7.364915370941162, 4.75101900100708, 3.936014175415039, 5.746740818023682, 1.8875858783721924, 2.1886119842529297, 1.7364156246185303, 2.139629364013672, 1.3750815391540527, 1.5708054304122925, 1.4184300899505615, 1.5044920444488525, 1.3481934070587158, 0.8614930510520935, 0.8320537805557251, 1.007954716682434, 1.7783453464508057, 0.9493365287780762, 1.401816964149475, 1.0229957103729248, 1.8315523862838745, 0.7090330123901367, 0.737772524356842, 1.0161429643630981, 1.137168049812317, 0.4445284307003021, 0.8645665645599365, 0.5532364249229431, 1.004528522491455], "iteration_times": [], "avg_dl_time": 10.358513431856409, "utilization": 94.07517006802722, "avg_thrpt": 3088.7453903728588, "avg_training_time": 10.433202219366406, "avg_calc": 0.07468878750999769, "peak_mem_avg": 5704.80029296875}