{"g_loss": [4.920771575703913, 4.735321805185201, 4.848869985463668, 4.662329799058486, 4.354725655244321, 4.096002882232471, 3.699851171702755, 4.040624892833281, 3.869323798892449, 3.950430739899071, 3.6236132965708268, 3.890230707976283, 3.808296779588777, 3.819297710091484, 3.7112894100802287, 3.5823408622978903, 3.5321577027135964, 3.373337336492782, 3.412624248436519, 3.347502894547521, 3.254084605191435, 3.3046575656198725, 3.2061490013587233, 3.163168769861971, 3.308670613230491, 3.3620961385646035, 3.278001790258045, 3.1696500200398114, 3.219398197927037, 3.3198212358568395], "d_loss": [1.1367575251402295, 0.9856756182045353, 0.9541439894510775, 0.8938063119291043, 0.967180321715316, 0.9896245395042458, 1.0178958369152886, 0.9814456269449118, 1.0076270874361604, 1.0082930803907162, 1.0941256039908953, 0.9826354992632963, 0.9839897906901885, 1.026002297444003, 1.008889582388255, 1.048577413114966, 1.026045865094175, 1.045030157480921, 1.100330921460171, 1.013591154953655, 1.0777032565401525, 1.0349539431686303, 0.9774071749071686, 1.0544871059911591, 0.9922908389446686, 0.9706152554373352, 1.0590367954300375, 0.9388855803681879, 0.9324764058906205, 0.9260325915351206], "IS": [2.1082568168640137, 2.218151092529297, 2.2943782806396484, 2.410486936569214, 2.4611175060272217, 2.4683094024658203, 2.458814859390259, 2.522696018218994, 2.53185772895813, 2.5537009239196777, 2.5876431465148926, 2.600893259048462, 2.599285840988159, 2.6031136512756348, 2.6320178508758545, 2.636854648590088, 2.6536903381347656, 2.6786468029022217, 2.693648338317871, 2.7091691493988037, 2.7209644317626953, 2.7457926273345947, 2.7654075622558594, 2.7741124629974365, 2.7932956218719482, 2.810222864151001, 2.8262362480163574, 2.8435959815979004, 2.8578989505767822, 2.8762612342834473], "FID": [6.849281311035156, 2.353381395339966, 3.2350261211395264, 1.4380830526351929, 1.2986994981765747, 1.02488374710083, 1.4761368036270142, 1.030421257019043, 1.131915807723999, 0.6412011384963989, 1.1697415113449097, 0.7498950958251953, 0.39029648900032043, 0.6580517888069153, 0.6403221487998962, 0.5746846795082092, 0.3101522922515869, 0.26633310317993164, 0.23717188835144043, 0.3151787519454956, 0.4395092725753784, 0.16554011404514313, 0.27005812525749207, 0.1796855628490448, 0.3005096912384033, 0.22246655821800232, 0.2545046806335449, 0.20883770287036896, 0.19558760523796082, 0.2454698532819748], "iteration_times": [], "avg_dl_time": 29.088433333332674, "utilization": 91.7158163265306, "avg_thrpt": 538.9121202612407, "avg_training_time": 29.103633333332862, "avg_calc": 0.015200000000186264, "peak_mem_avg": 3966.59912109375}