{"g_loss": [5.8677032516927135, 4.406715105990974, 4.9474993895511234, 4.986666297426029, 4.673268512803681, 4.835495243267137, 4.6236041905928635, 4.2302849669845735, 4.288338135699837, 4.068820680890765, 4.06756284528849, 3.784126876568308, 4.01279551034071, 3.6339752102384764, 3.8073107572842617, 3.8758560023745714, 3.520420574412054, 3.664304177675928, 3.846016526222229, 3.8024835026994044, 3.7406089427519817, 3.7292592504194806, 3.9067120247957656, 3.7945804583783054, 3.513688348081647, 3.666059461175179, 3.791436138201733, 3.5137126543083967, 3.5955345606317324, 3.7259367497599856], "d_loss": [0.9873541477231347, 1.2942202742002449, 0.9219774068618307, 0.9944316942472847, 0.9257946923679236, 0.8676232716866902, 0.9114694589254807, 1.0413101333744672, 0.9874873815142379, 1.003176219609319, 0.9904353463528107, 1.0365311625052471, 0.9892282625850366, 1.0583535058765996, 1.0285544133916193, 0.9699179061821529, 0.915059928383146, 1.1382398556689828, 1.0077924628038795, 0.9431733571144999, 1.0027068537108752, 1.0419182889923757, 1.0127723597142162, 1.067897124558079, 1.0480813533067703, 1.0125008413986283, 0.9241477013850699, 1.0118410146358061, 0.9900566436806504, 0.9008013530045139], "IS": [1.840610146522522, 2.1705434322357178, 2.354384660720825, 2.3837223052978516, 2.4375269412994385, 2.403237819671631, 2.440124034881592, 2.458599805831909, 2.4854416847229004, 2.4876339435577393, 2.5085413455963135, 2.5185916423797607, 2.5068564414978027, 2.5145580768585205, 2.5181546211242676, 2.514986753463745, 2.5268428325653076, 2.530679225921631, 2.533963680267334, 2.556389331817627, 2.5606956481933594, 2.5587570667266846, 2.568094491958618, 2.580353021621704, 2.5940465927124023, 2.6068413257598877, 2.6137213706970215, 2.6305508613586426, 2.6365389823913574, 2.6373255252838135], "FID": [10.944371223449707, 6.76050329208374, 3.959036350250244, 3.632835865020752, 4.0828328132629395, 5.590311050415039, 2.8111631870269775, 2.0090126991271973, 2.5501058101654053, 1.8332022428512573, 1.2713701725006104, 1.2569994926452637, 1.8969402313232422, 1.3039499521255493, 1.5411463975906372, 1.2449218034744263, 1.356818437576294, 1.3120230436325073, 1.3578672409057617, 0.7666531801223755, 0.9047068357467651, 1.331679344177246, 1.0556477308273315, 0.8834003806114197, 1.257178544998169, 1.0338858366012573, 1.006705403327942, 0.45402154326438904, 0.8136823773384094, 0.6847267746925354], "iteration_times": [], "avg_dl_time": 23.979099999999985, "utilization": 92.67721088435376, "avg_thrpt": 1383.3639541986329, "avg_training_time": 24.018200000000796, "avg_calc": 0.03910000000081103, "peak_mem_avg": 5704.80029296875}