{"g_loss": [4.778187187583855, 4.084766330621432, 3.5192039702325832, 3.478877562048185, 3.3463026065560406, 3.4448296535198035, 3.4234780466274533, 3.4778441737270187, 3.6105255709194086, 3.7627223034358352, 3.81008931133858, 3.8593624358248833, 3.718185792743798, 3.737672745976645, 3.7696707847259003, 3.7165137223233624, 3.7746779399452364, 3.8049906632288946, 3.805295396417551, 3.8366643782809873, 3.9438735465185664, 4.036711938395772, 4.032270857621261, 4.1142326750128015, 4.088962187037787, 4.258573803831549, 4.149905795462357, 4.226954665409861, 4.265007238258677, 4.281800814706575], "d_loss": [1.0472780013614147, 1.1029607906289722, 1.195446721161418, 1.1608826912120176, 1.131766565830049, 1.0542890545733445, 1.0166457259594022, 0.954802782524882, 0.8881134514118094, 0.8397901340213882, 0.7673007064520398, 0.772893511911716, 0.8003861209391938, 0.8044125057394852, 0.7947477724050622, 0.798032601528308, 0.8026188638661523, 0.7260594629037106, 0.73398475207941, 0.7855153109335229, 0.6846007591546954, 0.6970380451863684, 0.697694685910364, 0.6568448958665971, 0.6683406827690275, 0.6266735074636729, 0.6286921616443588, 0.633399791105667, 0.6391547378533713, 0.6117261900325947], "IS": [1.7515451908111572, 2.0541300773620605, 2.1871304512023926, 2.291761875152588, 2.328900098800659, 2.3604307174682617, 2.4281058311462402, 2.486271381378174, 2.526078462600708, 2.572375535964966, 2.635354995727539, 2.68304443359375, 2.7085862159729004, 2.7524828910827637, 2.7780959606170654, 2.7935397624969482, 2.833983898162842, 2.878469467163086, 2.873323678970337, 2.903533935546875, 2.9368233680725098, 2.946629524230957, 2.970358371734619, 2.989306926727295, 3.0081734657287598, 3.0207786560058594, 3.053783416748047, 3.0774052143096924, 3.089128017425537, 3.1017494201660156], "FID": [3.7449822425842285, 2.034742832183838, 1.6907376050949097, 1.265005111694336, 1.259431004524231, 0.6639578342437744, 0.47970372438430786, 0.7122220993041992, 0.784500241279602, 0.5707102417945862, 0.4725445508956909, 0.49163058400154114, 0.5486099720001221, 0.523029625415802, 0.6989042162895203, 0.677981436252594, 0.5383704304695129, 0.4283479154109955, 0.5170943737030029, 0.3723347783088684, 0.33343106508255005, 0.4063459038734436, 0.3266926407814026, 0.5440546870231628, 0.44927042722702026, 0.40353402495384216, 0.4193824827671051, 0.44472938776016235, 0.36143311858177185, 0.3522511124610901], "iteration_times": [], "avg_dl_time": 28.757633333333374, "utilization": 83.34543904518327, "avg_thrpt": 438.9648981575202, "avg_training_time": 28.76606666666685, "avg_calc": 0.008433333333474973, "peak_mem_avg": 2661.69921875}