{"g_loss": [4.98100688619077, 4.257565707273191, 3.8665407614025007, 3.6956204596306663, 3.6185816542419325, 3.491270118509717, 3.338721872967146, 3.3988240308788082, 3.568385467695458, 3.605156092585929, 3.790857356768149, 3.7937560300006297, 3.839026079220159, 3.850493997640317, 3.8161969288893025, 3.7785574906920094, 3.85506470452393, 3.8848562316249704, 3.9000737468457167, 3.867031320410869, 3.8900691058243746, 3.9268504795344437, 3.9446028047205544, 3.995334467870879, 4.100838939841103, 4.2257598723901815, 4.099465922387007, 4.198412950841122, 4.240005416892748, 4.425822767869705], "d_loss": [1.017917181810607, 1.081703350595806, 1.0840436342503408, 1.1123900327002605, 1.107471583634996, 1.0550029556197889, 1.090775033397138, 1.0538936889994786, 0.9335160653304566, 0.9072379781042829, 0.8185623277864797, 0.8199338081204678, 0.7778303900738354, 0.797996877690258, 0.7783521805196771, 0.7662384670675563, 0.7386013716935654, 0.7412329796234818, 0.7236493655797237, 0.7439331444423369, 0.74811622685255, 0.660226621181535, 0.7321864998449221, 0.7104937578777751, 0.6623435498255751, 0.6575138989092825, 0.6511205042119298, 0.5926950020272561, 0.6409081721730778, 0.569074396134528], "IS": [1.6194069385528564, 2.009817600250244, 2.228015661239624, 2.426574230194092, 2.513603687286377, 2.573671340942383, 2.6421165466308594, 2.6895651817321777, 2.722782611846924, 2.742379903793335, 2.8029351234436035, 2.852351427078247, 2.891707420349121, 2.9208083152770996, 2.9626917839050293, 2.9955315589904785, 3.0195441246032715, 3.059128761291504, 3.0834450721740723, 3.1292309761047363, 3.181666135787964, 3.2150866985321045, 3.242234468460083, 3.283428907394409, 3.299203395843506, 3.322254180908203, 3.354689836502075, 3.3791263103485107, 3.3787670135498047, 3.421643018722534], "FID": [4.135629653930664, 1.0089812278747559, 1.5637983083724976, 0.9828190803527832, 0.9046951532363892, 0.64969801902771, 0.7705523371696472, 0.7144091725349426, 0.46162673830986023, 0.37793248891830444, 0.42321309447288513, 0.3066175580024719, 0.5118125081062317, 0.37934404611587524, 0.4848169982433319, 0.3776519000530243, 0.36916255950927734, 0.2331896871328354, 0.3257124423980713, 0.2777782380580902, 0.30912020802497864, 0.39799681305885315, 0.3495576083660126, 0.3790260851383209, 0.3388988673686981, 0.36838436126708984, 0.3238967955112457, 0.23753179609775543, 0.24973337352275848, 0.19816076755523682], "iteration_times": [], "avg_dl_time": 18.397400000000015, "utilization": 83.4501705029838, "avg_thrpt": 673.4483697982469, "avg_training_time": 18.414099999999962, "avg_calc": 0.016699999999946157, "peak_mem_avg": 2661.69921875}