{"g_loss": [4.958955644344797, 4.724471982036318, 4.874899946913427, 4.949412513752373, 4.805050072013115, 4.526867242491975, 4.009968848252783, 3.8231757596439246, 3.7229198016682448, 3.6718625494716117, 3.815744107893231, 3.9470331930384344, 3.9291360043749517, 3.68854944012603, 3.583211809700849, 3.6009530516303316, 3.606228581344595, 3.470072761482122, 3.357382817535984, 3.29261314412769, 3.238550212310285, 3.3460895942181956, 3.3777075747446137, 3.128250486692604, 3.26670972911679, 3.1116023063433964, 3.195840702753286, 3.0598353408657166, 3.2761159767919428, 3.248403079047495], "d_loss": [1.1187905919338976, 0.9756970192704882, 0.8796712312163139, 0.8756227671187751, 0.9247218592434513, 0.9816643578969703, 1.0579030524407114, 1.0192236956589076, 1.0239979557845058, 1.0453300648653994, 0.9594589927975012, 0.9648592732086474, 0.9705202026026589, 0.9448402922372429, 1.0039750697965524, 0.932955515780011, 1.0538890722150704, 1.0437626350595026, 1.0013876534542259, 1.1071907093330307, 1.0351292746407645, 1.0204694757656174, 1.04083202946551, 1.0334131085142797, 0.9448584678525828, 0.9965961698670777, 1.0402247828184341, 0.9784201222414873, 0.9716077246228043, 0.9539674997937923], "IS": [2.3471267223358154, 2.5226683616638184, 2.5218136310577393, 2.4714674949645996, 2.48945689201355, 2.53944730758667, 2.5388882160186768, 2.5304551124572754, 2.5634665489196777, 2.5736258029937744, 2.6074585914611816, 2.6381497383117676, 2.6516120433807373, 2.6709980964660645, 2.6973319053649902, 2.705744981765747, 2.7242302894592285, 2.734947681427002, 2.7421889305114746, 2.7596354484558105, 2.7743277549743652, 2.7898740768432617, 2.7953429222106934, 2.8206889629364014, 2.8383231163024902, 2.841632127761841, 2.8528358936309814, 2.856598377227783, 2.8694281578063965, 2.8777546882629395], "FID": [6.341022968292236, 3.5627334117889404, 3.3923451900482178, 2.0290510654449463, 1.6513233184814453, 1.731186032295227, 1.3658194541931152, 0.8625927567481995, 1.1531811952590942, 0.9430348873138428, 1.5059140920639038, 0.6931734681129456, 0.641616702079773, 0.5842692255973816, 0.3533285856246948, 1.07682466506958, 0.6248245239257812, 0.5161406397819519, 0.5281042456626892, 0.6191985607147217, 0.23367811739444733, 0.3625040650367737, 0.5863107442855835, 0.2471936196088791, 0.25128474831581116, 0.5203733444213867, 0.43671703338623047, 0.24125227332115173, 0.26035287976264954, 0.4621211886405945], "iteration_times": [], "avg_dl_time": 19.85243333333298, "utilization": 91.8001700680272, "avg_thrpt": 799.2391120735257, "avg_training_time": 19.867766666666647, "avg_calc": 0.015333333333668027, "peak_mem_avg": 3966.59912109375}