{"g_loss": [5.024452503989725, 4.706820013273098, 4.187591224527725, 4.093269224666878, 3.702512844577622, 3.937270795064204, 3.7969322314347758, 3.716942179843288, 3.5897391798627347, 3.5434316199301454, 3.6125348958822774, 3.5240238835210995, 3.3763844616844527, 3.4832038399030973, 3.5685288858840534, 3.588165630922293, 3.6562252337746606, 3.685649681119936, 3.670627788154949, 3.5652859434294886, 3.712399578541327, 3.5516828726167264, 3.5868337524821388, 3.4908858825597924, 3.6406244689341434, 3.66390408987127, 3.582865090816832, 3.546687721313127, 3.532334383338621, 3.71713919282112], "d_loss": [1.0633477758225578, 0.9845558391202747, 1.046115192687115, 1.0403037681756422, 0.9842708558225266, 0.974939425011425, 1.001725211434657, 1.0086845867621623, 0.9980514130324049, 1.0261448256652375, 0.9915067141165819, 0.9689558537110038, 1.0179693095976738, 0.8887675691138753, 0.9268625961316516, 0.9039897981964414, 0.8097767276532205, 0.8233938325777688, 0.8065386812781434, 0.7968093214742363, 0.7820160280713035, 0.8019820429632426, 0.8282747055258592, 0.7241085327189901, 0.7951735928083015, 0.7572971655203559, 0.7144400054002966, 0.7131314760507526, 0.8087182208667021, 0.6585801372976254], "IS": [2.009568691253662, 2.2863430976867676, 2.2974045276641846, 2.3759217262268066, 2.4903249740600586, 2.5891053676605225, 2.6186370849609375, 2.6491875648498535, 2.6561310291290283, 2.6751656532287598, 2.702573776245117, 2.7199277877807617, 2.7451789379119873, 2.7810492515563965, 2.826092004776001, 2.84958815574646, 2.8685433864593506, 2.9054417610168457, 2.9381885528564453, 2.948228597640991, 2.9672820568084717, 2.980055332183838, 3.0081515312194824, 3.025564432144165, 3.0526208877563477, 3.0760700702667236, 3.106422185897827, 3.128430128097534, 3.1478230953216553, 3.163259506225586], "FID": [4.839722633361816, 2.1123297214508057, 2.0978763103485107, 1.767441749572754, 0.8871687650680542, 0.8982375264167786, 1.1318155527114868, 0.7342057228088379, 0.9015944600105286, 1.0044903755187988, 0.41654708981513977, 0.6483964920043945, 0.3498549163341522, 0.3396056294441223, 0.4043215811252594, 0.31376874446868896, 0.5481025576591492, 0.3012539744377136, 0.37320199608802795, 0.3251146078109741, 0.3675510585308075, 0.243768110871315, 0.22020670771598816, 0.246984601020813, 0.17710372805595398, 0.2516189217567444, 0.2371048927307129, 0.220485657453537, 0.22943612933158875, 0.386484831571579], "iteration_times": [], "avg_dl_time": 20.98473333333301, "utilization": 88.19863597612961, "avg_thrpt": 1507.873350919093, "avg_training_time": 21.00049999999974, "avg_calc": 0.015766666666725843, "peak_mem_avg": 3097.498046875}