{"g_loss": [4.983157109573979, 4.261249212429042, 3.78170658323123, 3.8637256667284707, 3.4714447783539666, 3.4059192712140054, 3.3560827725454976, 3.3057774465502527, 3.3965486704063412, 3.6675633299533668, 3.684517743880563, 3.6630235526262953, 3.5975338799778913, 3.494249819222923, 3.5289351768920296, 3.6108380051053133, 3.6648839261460826, 3.7051680813248145, 3.705996336844152, 3.728516480634863, 3.8099386812094838, 3.891534107973051, 3.9182028679924934, 3.900224464121358, 4.043764639151273, 4.044088814531446, 4.117165418217897, 4.173047615988109, 4.195537125043895, 4.253267412217419], "d_loss": [1.0033108503903116, 1.108683998627431, 1.0591529785748333, 1.056341942313992, 1.1230416445399793, 1.1169081840978559, 1.0949949847577174, 1.058090620600354, 0.941562457481766, 0.8637845967431812, 0.8690631992714789, 0.8564034235637511, 0.8507219145784293, 0.8721782511952892, 0.8461824631523294, 0.8130571992443804, 0.7822963323091607, 0.7742192816760991, 0.765906404008341, 0.7705420988428471, 0.6971972462961741, 0.6976026617886161, 0.6854110794699253, 0.7206813188083946, 0.6364553057972122, 0.6555023478139239, 0.641787225804518, 0.6182658085337532, 0.6008339899322946, 0.6219760827396227], "IS": [1.7694499492645264, 2.0579307079315186, 2.276872158050537, 2.3687005043029785, 2.5215344429016113, 2.566481828689575, 2.6326639652252197, 2.6716971397399902, 2.731218099594116, 2.7613167762756348, 2.8236749172210693, 2.9026029109954834, 2.924992561340332, 2.940857410430908, 2.986412763595581, 3.0424492359161377, 3.0683772563934326, 3.0905637741088867, 3.1615982055664062, 3.1890769004821777, 3.2248897552490234, 3.244619846343994, 3.26845121383667, 3.2937636375427246, 3.297602415084839, 3.345132827758789, 3.3584866523742676, 3.3700039386749268, 3.3748631477355957, 3.3831489086151123], "FID": [2.577197313308716, 2.1848297119140625, 1.2693859338760376, 1.1779627799987793, 0.6270803809165955, 0.8555490374565125, 0.7382116317749023, 0.5284545421600342, 0.6499372124671936, 0.6636295318603516, 0.44380298256874084, 0.5655362606048584, 0.6972800493240356, 0.4727398753166199, 0.6799266934394836, 0.5782086253166199, 0.5618455410003662, 0.39811426401138306, 0.42589622735977173, 0.5832756161689758, 0.5190839171409607, 0.5168296098709106, 0.5673951506614685, 0.5287452340126038, 0.38228681683540344, 0.39552009105682373, 0.26560497283935547, 0.3091616928577423, 0.3187638223171234, 0.4027898907661438], "iteration_times": [], "avg_dl_time": 33.49356666666572, "utilization": 83.43742540494459, "avg_thrpt": 373.5988357613865, "avg_training_time": 33.5035333333326, "avg_calc": 0.009966666666878154, "peak_mem_avg": 2661.69921875}