{"g_loss": [4.980333154616148, 4.409271544202819, 3.6764672389426662, 3.6557175262695383, 3.4792226077726736, 3.2764158149052154, 3.242610088680559, 3.3700939048357936, 3.481740295211725, 3.6657654102605854, 3.663271500338393, 3.773309787516208, 3.740684814608234, 3.755160872993605, 3.70751009008054, 3.758669012357169, 3.7951681597534654, 3.8382347509469787, 3.790953623478675, 3.8241684147016244, 3.8815718893976427, 3.9653952733620694, 4.026600891609526, 4.08181031289346, 4.025917935191089, 4.140176366159545, 4.134059773543683, 4.188941065670715, 4.235070513399101, 4.3066902117144075], "d_loss": [1.0228302136320822, 1.0814594821170773, 1.1242185054761369, 1.1183480260622165, 1.1032271816983552, 1.121606303012127, 1.1324213203947868, 1.0251898743650492, 0.932273376628261, 0.8876005297579119, 0.8387900120233331, 0.8127825916423213, 0.8224525318464355, 0.7713497082709961, 0.7921376931659706, 0.7870958349703218, 0.7790482471246853, 0.7412204638390285, 0.746911669950313, 0.7164177274345742, 0.7310618441599561, 0.6995173190217798, 0.6747582823781254, 0.6714750342833264, 0.632156995856358, 0.6480172793464283, 0.6567910995305805, 0.6186933098622905, 0.6153680664699173, 0.5803348849029721], "IS": [1.7981895208358765, 1.9439350366592407, 2.0677361488342285, 2.1825759410858154, 2.2073957920074463, 2.311441659927368, 2.385697603225708, 2.4957923889160156, 2.546002149581909, 2.557102680206299, 2.6122517585754395, 2.651155948638916, 2.6857943534851074, 2.7305407524108887, 2.793207883834839, 2.8570399284362793, 2.86741304397583, 2.903773784637451, 2.9394724369049072, 2.9505538940429688, 2.996926784515381, 3.0313217639923096, 3.0353405475616455, 3.0545287132263184, 3.081589698791504, 3.1031715869903564, 3.1043496131896973, 3.1115126609802246, 3.1431193351745605, 3.151456117630005], "FID": [2.3078393936157227, 2.3982369899749756, 1.4771466255187988, 1.0074536800384521, 1.15419602394104, 0.8237453103065491, 0.8343407511711121, 0.5765608549118042, 0.5873305201530457, 0.486696720123291, 0.6003960967063904, 0.8051416873931885, 0.45250362157821655, 0.7085943818092346, 0.44532105326652527, 0.3392459750175476, 0.3104831874370575, 0.45004552602767944, 0.4924308955669403, 0.23829884827136993, 0.21301017701625824, 0.40659505128860474, 0.3709739148616791, 0.4277811050415039, 0.43826058506965637, 0.4323776662349701, 0.5126404762268066, 0.39881283044815063, 0.36482661962509155, 0.347430020570755], "iteration_times": [], "avg_dl_time": 23.821400000000114, "utilization": 83.23580562659846, "avg_thrpt": 527.4576588438832, "avg_training_time": 23.83176666666665, "avg_calc": 0.010366666666535214, "peak_mem_avg": 2661.69921875}