{
    "g_loss": [
        5.941048235309367,
        4.395078924237465,
        4.864362324987139,
        4.715076580339549,
        5.053570185388837,
        4.74147810984631,
        4.495097076406284,
        4.388248107871231,
        4.240559862584484,
        4.048671201783783,
        3.9141857624053955,
        3.8617420439817467,
        3.865599351269858,
        3.7366427724458733,
        3.7537283100643934,
        3.864469153540475,
        3.7839499535609264,
        4.139835304143477,
        4.046129955320942,
        3.9697275216482124,
        4.0490254382697906,
        4.1311041639775645,
        3.715021902201127,
        3.7133899294600194,
        3.742037466594151,
        3.7596355396874097,
        3.677345161535302,
        3.5453598839896068,
        3.587160639616908,
        3.3953045290343615
    ],
    "d_loss": [
        1.0062982297445437,
        1.2185287712788095,
        0.9244490238476772,
        1.0733575383011176,
        0.9127401292932277,
        0.8704072823938058,
        0.8892839666532011,
        0.9508984058487172,
        0.9708811476522562,
        1.0311392323703181,
        1.0803246717063748,
        1.018649008201093,
        1.0004057391565673,
        1.0501746994500258,
        0.9556141669044689,
        0.8820611819320795,
        1.0693863329230522,
        0.9396346156694451,
        1.0032004087555164,
        0.9875864389599586,
        0.8369753707428368,
        1.0924873431118167,
        0.9589887796616068,
        1.015703629778356,
        0.9330489015092656,
        0.9704539088570342,
        1.0107937391315187,
        0.9953615586368405,
        0.9879567148734112,
        1.0022969635165468
    ],
    "IS": [
        1.9683456420898438,
        2.218665599822998,
        2.4019980430603027,
        2.3987245559692383,
        2.381826639175415,
        2.4345431327819824,
        2.4618277549743652,
        2.4591026306152344,
        2.4667654037475586,
        2.4743659496307373,
        2.4827589988708496,
        2.48626708984375,
        2.491776943206787,
        2.5193397998809814,
        2.526658535003662,
        2.5188653469085693,
        2.5492637157440186,
        2.5617213249206543,
        2.5581016540527344,
        2.568563222885132,
        2.5712294578552246,
        2.5860207080841064,
        2.5886800289154053,
        2.609126567840576,
        2.6099159717559814,
        2.6198601722717285,
        2.634610414505005,
        2.640842914581299,
        2.651043176651001,
        2.6644623279571533
    ],
    "FID": [
        8.242657661437988,
        6.5995259284973145,
        6.8891191482543945,
        4.154610633850098,
        4.770096778869629,
        4.375455379486084,
        2.1813786029815674,
        1.959621787071228,
        1.9967420101165771,
        1.248044729232788,
        1.411909818649292,
        2.0104169845581055,
        1.3519431352615356,
        1.4598537683486938,
        0.9007396101951599,
        1.1988542079925537,
        0.97540283203125,
        0.9243674874305725,
        1.1821109056472778,
        1.4102146625518799,
        1.2155249118804932,
        0.5176768898963928,
        1.0631768703460693,
        0.5690770745277405,
        0.7762519717216492,
        0.7248084545135498,
        0.6748992204666138,
        0.5791611075401306,
        0.38886094093322754,
        0.4751323461532593
    ],
    "iteration_times": [],
    "avg_dl_time": 14.434466666665564,
    "utilization": 92.76836734693877,
    "avg_thrpt": 2293.0385230999655,
    "avg_training_time": 14.504266666666444,
    "avg_calc": 0.06980000000088088,
    "peak_mem_avg": 5704.80029296875
}