{"g_loss": [4.9590877071975745, 4.966897738254284, 4.5342306112084545, 4.022344877043039, 3.6464387736357082, 3.806562186049683, 3.663533805886193, 3.5870929297888674, 3.4362029064341884, 3.401913149029855, 3.3536799786340854, 3.3640775164813186, 3.5563516234288284, 3.492496663342466, 3.4651404292039247, 3.516083796387133, 3.6561562565281567, 3.6162581718705424, 3.6172459645344475, 3.513793515998994, 3.45506504507702, 3.456047658648942, 3.582093274535235, 3.496708272591881, 3.54838599430227, 3.447567290519281, 3.4936160440258965, 3.559583642484282, 3.5794192618723777, 3.477480978021384], "d_loss": [1.0405227580415013, 0.9354159978344617, 0.9366721690387068, 1.124226983017324, 1.1556808067404705, 1.024593214968891, 1.0849942883567127, 1.0557209824966958, 1.0272873941894687, 1.0798782677296788, 1.057510432989701, 1.0055229886413535, 0.9677865558573048, 0.9874431544252674, 0.9229640685536368, 0.8718798484110162, 0.8155319446035664, 0.9173210773169233, 0.7879556670899281, 0.8128024042795992, 0.8894273613572425, 0.794774704081628, 0.7656617919959681, 0.8278338224305521, 0.7973059513379851, 0.8171547908917107, 0.8184753456688902, 0.7119463419594119, 0.8157018684136593, 0.7125464960589738], "IS": [2.0183703899383545, 2.1732735633850098, 2.3065390586853027, 2.3649754524230957, 2.337003469467163, 2.4347739219665527, 2.484037399291992, 2.497281074523926, 2.5072379112243652, 2.5380911827087402, 2.567335605621338, 2.5974643230438232, 2.649592399597168, 2.6531639099121094, 2.684037923812866, 2.7221593856811523, 2.735577344894409, 2.767946481704712, 2.810652256011963, 2.8203978538513184, 2.8483901023864746, 2.8929145336151123, 2.9209368228912354, 2.9512667655944824, 2.9865877628326416, 3.0040652751922607, 3.0263500213623047, 3.04522967338562, 3.0669467449188232, 3.0906577110290527], "FID": [3.9987597465515137, 3.4965076446533203, 2.167121648788452, 1.2123645544052124, 1.27328360080719, 0.9399505257606506, 0.6816076040267944, 1.3185029029846191, 0.6807162165641785, 1.0245088338851929, 0.40972036123275757, 0.9070534706115723, 0.6335695385932922, 0.658922553062439, 0.6053406596183777, 0.4880257844924927, 0.430693119764328, 0.4844447672367096, 0.6266748309135437, 0.5313659906387329, 0.4742608666419983, 0.396401971578598, 0.3512832522392273, 0.3124663829803467, 0.3732416033744812, 0.3277774453163147, 0.348880797624588, 0.4039694666862488, 0.4038051664829254, 0.29749223589897156], "iteration_times": [], "avg_dl_time": 25.695966666666937, "utilization": 88.22898550724636, "avg_thrpt": 1230.2383792304233, "avg_training_time": 25.71003333333344, "avg_calc": 0.014066666666500775, "peak_mem_avg": 3097.498046875}