{"g_loss": [5.840552797122878, 4.2129576425163116, 4.846555089463993, 4.77609235899789, 4.807389899175995, 4.564640018404747, 4.521257604871478, 4.1209825958524435, 4.494838127068111, 4.197624002184186, 3.946242797131441, 3.8262312120320847, 3.737687896709053, 3.6027285262029998, 3.3872496494833304, 3.5386327419962202, 3.5510924628802707, 3.7958471337143256, 3.5687609159064535, 3.5816949009895325, 3.661930723153815, 3.592240950282739, 3.7978542872837613, 3.7961365452834537, 3.6627691950725048, 3.6172853452818736, 3.82787266069529, 3.5937607470823796, 3.4277302963393077, 3.5419175065293604], "d_loss": [1.0065230523445168, 1.2619071256141274, 0.9998663718603096, 1.026016252381461, 0.9418664237066191, 0.9169952647418392, 0.9884611070156097, 0.9648556858301163, 1.0140651342820148, 0.9767418680142383, 0.9943227278334754, 1.0774230725911198, 1.0993767490192337, 1.0173315326778256, 1.1704972565782314, 0.9667162280909869, 1.1182227426645708, 0.959605734567253, 1.0832561701536179, 1.0188581973922497, 1.0226932876572317, 1.0349165614770384, 0.9599832594394684, 1.0188339769232029, 0.996691739984921, 0.9712368833775423, 0.9243430109048376, 0.9235150841425877, 0.9949775800413015, 1.118214300396491], "IS": [1.8535020351409912, 2.317687511444092, 2.2852845191955566, 2.359647274017334, 2.4264729022979736, 2.4081270694732666, 2.4058196544647217, 2.414877414703369, 2.412827730178833, 2.403681755065918, 2.3951644897460938, 2.405653953552246, 2.4151854515075684, 2.424952268600464, 2.444740056991577, 2.470184564590454, 2.4767844676971436, 2.501408100128174, 2.50510573387146, 2.531454086303711, 2.542938470840454, 2.5535078048706055, 2.5598504543304443, 2.5743794441223145, 2.58200740814209, 2.5949835777282715, 2.605025053024292, 2.6106791496276855, 2.6189072132110596, 2.6297590732574463], "FID": [10.032825469970703, 6.839295387268066, 6.753887176513672, 2.982231378555298, 2.241682767868042, 2.394794225692749, 1.8666982650756836, 1.9514639377593994, 1.3386144638061523, 1.6369225978851318, 1.5358433723449707, 2.1337668895721436, 1.0681543350219727, 1.3621714115142822, 1.20279061794281, 0.8566247820854187, 1.0714457035064697, 0.5876929759979248, 1.0995440483093262, 1.0479902029037476, 1.3913655281066895, 1.3728410005569458, 1.5810890197753906, 0.584453821182251, 0.6841962933540344, 0.48539745807647705, 0.6162037253379822, 0.695417046546936, 0.5302210450172424, 0.47074705362319946], "iteration_times": [], "avg_dl_time": 28.448866666667648, "utilization": 92.83265306122449, "avg_thrpt": 1152.9288049041763, "avg_training_time": 28.48440000000046, "avg_calc": 0.035533333332811404, "peak_mem_avg": 5704.80029296875}