{
    "g_loss": [
        5.005374986497338,
        4.798644188115054,
        4.377316741687258,
        4.16344140481461,
        3.7660754461727484,
        3.8063836097717285,
        3.7810120725113414,
        3.776064650634366,
        3.5223346736729906,
        3.3513377024160933,
        3.3999244932018584,
        3.331954589737651,
        3.3263099830016456,
        3.413528905481176,
        3.4050960605853904,
        3.438425550680331,
        3.4446851445738313,
        3.532286762657678,
        3.481809333995785,
        3.40547350050448,
        3.3846409947199323,
        3.4414814073792503,
        3.439924783328229,
        3.3624319988005147,
        3.4097631281179845,
        3.4305857830749984,
        3.394989183358372,
        3.43013426856167,
        3.4197517492048575,
        3.4922100507828127
    ],
    "d_loss": [
        1.0586971711853277,
        0.9497304669655192,
        1.0670915271162682,
        0.9991484648736236,
        1.0204553503514555,
        1.0047228917136521,
        1.0463101058969717,
        1.0513710784332833,
        1.0951036634804951,
        1.1268138185791348,
        1.0393436288132387,
        1.0811205725078388,
        0.9864896532062375,
        0.9424367190321998,
        0.9927957647139459,
        0.9168548404865557,
        0.8676647397944385,
        0.8402118929054426,
        0.866984258031906,
        0.8621996244429933,
        0.8472395888374894,
        0.8525724119466284,
        0.8414786242691757,
        0.8336001404029939,
        0.7926395977168437,
        0.8822040383315757,
        0.8121176988572416,
        0.8162649578374365,
        0.727007868306716,
        0.7822270153276146
    ],
    "IS": [
        2.0739471912384033,
        2.246328830718994,
        2.454796552658081,
        2.447023391723633,
        2.4739298820495605,
        2.549050807952881,
        2.607353925704956,
        2.652614116668701,
        2.655327081680298,
        2.6898579597473145,
        2.7023603916168213,
        2.7309675216674805,
        2.753434419631958,
        2.786472797393799,
        2.8116369247436523,
        2.8322134017944336,
        2.8542325496673584,
        2.872546911239624,
        2.921800136566162,
        2.9695730209350586,
        2.9917585849761963,
        3.012096405029297,
        3.034104585647583,
        3.0745513439178467,
        3.1152350902557373,
        3.1410651206970215,
        3.165614604949951,
        3.202428102493286,
        3.21161150932312,
        3.2309200763702393
    ],
    "FID": [
        3.0234551429748535,
        2.541807174682617,
        2.1746315956115723,
        1.6078885793685913,
        1.5980958938598633,
        0.9157478213310242,
        0.9132054448127747,
        0.7530983090400696,
        0.7459577918052673,
        0.6439931392669678,
        0.47964394092559814,
        0.4907761216163635,
        0.411074161529541,
        0.3086310923099518,
        0.30584394931793213,
        0.5163267850875854,
        0.38139206171035767,
        0.4768312871456146,
        0.31123319268226624,
        0.36783984303474426,
        0.24952971935272217,
        0.28238242864608765,
        0.22909122705459595,
        0.24716760218143463,
        0.2520754039287567,
        0.2648690938949585,
        0.26156988739967346,
        0.27820539474487305,
        0.26706749200820923,
        0.18309171497821808
    ],
    "iteration_times": [],
    "avg_dl_time": 15.691700000000129,
    "utilization": 88.41568627450982,
    "avg_thrpt": 1996.8718393600466,
    "avg_training_time": 15.716166666666807,
    "avg_calc": 0.02446666666667928,
    "peak_mem_avg": 3097.498046875
}