{"g_loss": [4.846320422328248, 4.67194358061771, 5.05788163627897, 4.781130208348741, 4.317868544130909, 4.050254493343587, 3.945504389247116, 3.794783980262523, 3.738495231891165, 3.6441184850979824, 3.4568383112093626, 3.7650023911680495, 3.7129126522614033, 3.7294211624836433, 3.468361227031873, 3.34720927537704, 3.2914955658572063, 3.271067126673095, 3.149420736699688, 3.0885640653420467, 3.050113525773798, 3.0917799687203096, 3.098123852391632, 2.9146302401715394, 2.947029741138828, 3.0929774789481748, 3.0648901751835127, 3.117310994104702, 3.0725910411197312, 3.032646544277668], "d_loss": [1.164526923654639, 1.022148157717014, 0.9175593185485625, 0.9131219848534282, 1.0590506735808995, 1.0518865646148214, 1.0204298795790088, 1.1204416058501419, 1.0970188879540987, 1.1082528625824013, 1.1036567694070387, 1.0780036125560195, 1.0794608521522309, 1.083054285420447, 1.1611668777709105, 1.1463569656622654, 1.1061132626265895, 1.1045734079516665, 1.1622826417489929, 1.1247093552837566, 1.1940758912538996, 1.1318709102212166, 1.1206822133794123, 1.1876016642366136, 1.0706275298583263, 1.0352017026470632, 1.0761495530605316, 1.0338702528756492, 1.0302155840457703, 1.0005518083973808], "IS": [1.8609079122543335, 2.161149263381958, 2.23840594291687, 2.287489414215088, 2.3727829456329346, 2.4119460582733154, 2.454045057296753, 2.473646879196167, 2.515127658843994, 2.5224881172180176, 2.5413570404052734, 2.542952299118042, 2.5716097354888916, 2.5733680725097656, 2.6112494468688965, 2.634148597717285, 2.640267848968506, 2.665797710418701, 2.6884028911590576, 2.697787284851074, 2.7070136070251465, 2.726289749145508, 2.7488038539886475, 2.7780489921569824, 2.801623582839966, 2.8150761127471924, 2.8263840675354004, 2.8535075187683105, 2.8664443492889404, 2.8872077465057373], "FID": [6.923769474029541, 3.800959825515747, 3.7097184658050537, 1.9166957139968872, 1.3555686473846436, 1.1000202894210815, 1.6726216077804565, 1.3827494382858276, 0.6201271414756775, 1.0092785358428955, 0.9256047010421753, 0.9700108170509338, 0.5664485692977905, 1.2896232604980469, 0.6906480193138123, 0.49513640999794006, 0.6077364683151245, 0.5109463930130005, 0.3187894821166992, 0.3047245144844055, 0.4695320427417755, 0.3562426269054413, 0.3128461539745331, 0.317052960395813, 0.4417984187602997, 0.29791778326034546, 0.5322979092597961, 0.39748433232307434, 0.319284051656723, 0.21227949857711792], "iteration_times": [], "avg_dl_time": 24.447233333332647, "utilization": 91.8034013605442, "avg_thrpt": 646.8129887992469, "avg_training_time": 24.46133333333322, "avg_calc": 0.014100000000568495, "peak_mem_avg": 3966.59912109375}