{"g_loss": [5.825196837892338, 4.216493626030124, 4.737336202543609, 4.75234961023136, 4.8662388008468005, 4.818804828488097, 4.912126616555817, 4.82606336778524, 4.185861107037992, 4.321213583556974, 3.9651468201559417, 3.808663844454045, 3.8453004372363186, 3.854817527897504, 3.8286953449857477, 3.7582722281923098, 3.7452664606425228, 4.072717040168996, 3.845927354024381, 4.2248850525641926, 3.9601058795744057, 3.9987445303371976, 4.055325128594223, 3.9348556346126964, 3.6453849473511992, 3.728117131457037, 3.8809126104627336, 3.7701951958695235, 3.6748568075043813, 3.4489847135787106], "d_loss": [0.9814355773281078, 1.2799602187409693, 0.9865630220393745, 0.9466283777538611, 0.9610738663040862, 0.9060324585559417, 0.8303755825879623, 0.9295282239208416, 0.9826797280384569, 0.9707879754049438, 1.016491330399805, 0.9983376693360659, 1.027828035914168, 0.9344315474130669, 1.157633053100839, 0.9746022723159011, 0.9288000056938249, 1.0343460334198815, 0.9288501772953539, 0.9384676750217166, 1.024958267503855, 0.947858135310971, 1.0617570688529891, 1.0395122550579967, 0.974757865375402, 0.9933881312608719, 0.9114614281119132, 1.0052853980842902, 1.0597443848240131, 1.0033566489511607], "IS": [2.0842509269714355, 2.4031734466552734, 2.519125461578369, 2.50236177444458, 2.496770143508911, 2.5332698822021484, 2.510371685028076, 2.4949440956115723, 2.4685845375061035, 2.484569787979126, 2.475653886795044, 2.4837443828582764, 2.500929355621338, 2.5082383155822754, 2.55222749710083, 2.572690486907959, 2.5738401412963867, 2.5686967372894287, 2.5709242820739746, 2.568962574005127, 2.5856595039367676, 2.5896518230438232, 2.597076177597046, 2.6064064502716064, 2.6161837577819824, 2.618760108947754, 2.6291935443878174, 2.635511875152588, 2.6533455848693848, 2.6547765731811523], "FID": [9.665764808654785, 6.1282639503479, 6.338815212249756, 5.215336799621582, 3.640901803970337, 1.8196889162063599, 3.6275627613067627, 2.1935694217681885, 1.6555432081222534, 1.2055805921554565, 2.0964255332946777, 1.9884790182113647, 1.1456760168075562, 0.7388148307800293, 0.9364030957221985, 0.9890663623809814, 1.1645954847335815, 1.1762441396713257, 1.438830852508545, 1.1705083847045898, 0.9606146216392517, 1.2631175518035889, 1.164351224899292, 0.8801853060722351, 0.8807356953620911, 1.0423362255096436, 1.0995734930038452, 0.6580989360809326, 0.45732057094573975, 0.5641638040542603], "iteration_times": [], "avg_dl_time": 19.25143333333326, "utilization": 92.7734693877551, "avg_thrpt": 1725.634341876597, "avg_training_time": 19.290033333333, "avg_calc": 0.03859999999973904, "peak_mem_avg": 5704.80029296875}