{"g_loss": [4.995766413181334, 5.009893649374432, 4.275933576971673, 3.8345504602812746, 3.7317974329604517, 3.6542042304030464, 3.775066284267494, 3.4956628644405425, 3.283835385385377, 3.260155497485643, 3.141291483341123, 3.161348650998929, 3.11370749913318, 3.2520833972298426, 3.367588416479714, 3.3711397426403567, 3.3368716592497916, 3.4070284601367646, 3.1811057258292537, 3.2810593201871723, 3.3284862313962655, 3.227656717643218, 3.342123590238259, 3.3304795840486547, 3.33498075821668, 3.4304574896459994, 3.43440174638196, 3.3549420266567616, 3.3955913812512786, 3.4708375066442563], "d_loss": [1.040981670074603, 0.991324227103187, 1.0285582541657226, 1.0817962771334002, 1.0424176609272238, 1.0645604528429564, 1.041788652120039, 1.0544689356366082, 1.090548984534905, 1.0878177481081786, 1.1404865506055104, 1.0682637064200837, 1.0646999022539925, 1.0031959426296337, 0.9592768700455155, 0.9096488592493565, 0.9175820824740183, 0.883219281883191, 0.8857752699833696, 0.8723125333904915, 0.8683903903683738, 0.8805299501513582, 0.8113410135211847, 0.8426931639537787, 0.851053465472158, 0.7574120545783616, 0.7729739079542477, 0.7523662060727854, 0.8042165495626762, 0.7442654697105403], "IS": [1.8065569400787354, 2.0222418308258057, 2.129221200942993, 2.2707598209381104, 2.3361945152282715, 2.3762402534484863, 2.452806234359741, 2.4963674545288086, 2.5410053730010986, 2.5910141468048096, 2.586836338043213, 2.5956501960754395, 2.630286693572998, 2.6579740047454834, 2.680570363998413, 2.691873073577881, 2.7308096885681152, 2.769568681716919, 2.7964138984680176, 2.8004026412963867, 2.833653450012207, 2.8644485473632812, 2.88796329498291, 2.909313678741455, 2.9326577186584473, 2.9520256519317627, 2.9741053581237793, 2.9963889122009277, 3.0135607719421387, 3.0396065711975098], "FID": [5.164088249206543, 2.4021973609924316, 1.949108600616455, 1.0788689851760864, 1.1167945861816406, 0.808323323726654, 0.9572069644927979, 0.7169103026390076, 0.49419325590133667, 0.3433636724948883, 0.8072044849395752, 0.6261002421379089, 0.49305638670921326, 0.42804235219955444, 0.32379472255706787, 0.6801519393920898, 0.27203458547592163, 0.27518200874328613, 0.2546147406101227, 0.4057347774505615, 0.25614693760871887, 0.2511657476425171, 0.21219399571418762, 0.30460622906684875, 0.2721700370311737, 0.23238365352153778, 0.28652697801589966, 0.2179824262857437, 0.23194435238838196, 0.2304750233888626], "iteration_times": [], "avg_dl_time": 30.460966666667204, "utilization": 88.23947144075025, "avg_thrpt": 1025.981804252238, "avg_training_time": 30.476033333333664, "avg_calc": 0.01506666666646197, "peak_mem_avg": 3097.498046875}