{"g_loss": [4.8723107077637495, 4.7403731589414635, 4.820650104661377, 4.876689791071172, 4.453371843513177, 4.338023770828636, 3.964143557207925, 3.742698996955035, 3.629954980040083, 3.8592958407742635, 3.7071698009967804, 3.588960288130507, 3.847794849045423, 3.6690262294545466, 3.6330744402140986, 3.5521682658974005, 3.5512827855287767, 3.347567248557295, 3.2502595338286184, 3.319186843019359, 3.325171927408296, 3.208660824870577, 3.3198162263677435, 3.0978548467083247, 3.2995254041589037, 3.1139103480595716, 3.13495073634751, 3.240291809739203, 3.2628030636708956, 3.31849344797986], "d_loss": [1.1385337239017292, 0.9837327616251245, 0.9382940784704928, 0.9627190399534848, 0.9681866460916947, 0.9616344826562064, 1.0285666040620025, 1.0368341984493392, 1.0322734382079573, 0.9746790619529023, 1.0766746198036232, 1.0133863985538483, 1.0065382372359841, 0.979190605027335, 0.9615141177663997, 0.99526212866209, 1.016866619489631, 1.1289857045120122, 1.0011061989531225, 1.0638543534643796, 1.0060052347122406, 1.0333099579628633, 0.97945507691831, 1.0547581590255912, 0.9802604478840925, 1.1149281538566764, 0.9904533472596383, 0.9647883944669549, 0.941032176115075, 0.9894178778845437], "IS": [2.1081957817077637, 2.1901564598083496, 2.3823020458221436, 2.4123754501342773, 2.4037842750549316, 2.4391698837280273, 2.4651684761047363, 2.468083143234253, 2.503887891769409, 2.505290985107422, 2.518021583557129, 2.523106575012207, 2.545100450515747, 2.5777273178100586, 2.583864212036133, 2.615128755569458, 2.640627145767212, 2.655930519104004, 2.6665079593658447, 2.6821341514587402, 2.6865434646606445, 2.698755979537964, 2.7241740226745605, 2.742835521697998, 2.7554233074188232, 2.769662618637085, 2.7761664390563965, 2.790830135345459, 2.8150343894958496, 2.8341243267059326], "FID": [5.9806809425354, 3.571746587753296, 1.9422688484191895, 1.6472276449203491, 2.7148685455322266, 1.6564472913742065, 0.9945781826972961, 1.1687592267990112, 0.5394233465194702, 1.345322608947754, 0.9427706599235535, 0.5269561409950256, 0.7118428349494934, 0.4019245505332947, 0.8821922540664673, 0.4538726508617401, 0.4827154874801636, 0.5507208108901978, 0.45676469802856445, 0.5038042068481445, 0.5195721983909607, 0.3587241470813751, 0.3503727912902832, 0.2845172584056854, 0.2988552451133728, 0.2875891327857971, 0.3434484004974365, 0.2462196797132492, 0.3742066025733948, 0.20402412116527557], "iteration_times": [], "avg_dl_time": 15.450566666667267, "utilization": 91.60323129251702, "avg_thrpt": 1015.7251527631639, "avg_training_time": 15.46463333333389, "avg_calc": 0.01406666666662204, "peak_mem_avg": 3966.59912109375}