{"g_loss": [0.03717300873227648, 0.027528892289896207, 0.024330332847588093, 0.022211935556619013, 0.022632571515543338, 0.022839159028904425, 0.023483509349244015, 0.023783764584487544, 0.024233263092785527, 0.024443427144790333, 0.02487218575148211, 0.024723093370228804, 0.025070341478647822, 0.02580938627041403, 0.02633189891488286, 0.027432640455818304, 0.027985757930447577, 0.028266893982173708, 0.028765879507058764, 0.028886017804283674, 0.029146997848005195, 0.029175034711984082, 0.03005614360046616, 0.02997044250736226, 0.030190507482419426, 0.030368562356638682, 0.03161684163305808, 0.03099743328368255, 0.031622649880649466, 0.03159440355878212], "d1_loss": [0.003539830011709991, 0.004798658618046142, 0.004882221455948358, 0.005190431870513911, 0.004736386171462791, 0.004375979171080514, 0.004125919068263173, 0.0038866914847347084, 0.0036706997397989824, 0.0033689976353431955, 0.0032681717576512523, 0.003273496077767287, 0.0031547091402517103, 0.0029528748654120483, 0.0030575145535555576, 0.002796134976835543, 0.002621090245359454, 0.00254966072455279, 0.0025902648910518834, 0.0024305376829197446, 0.0023310165923358535, 0.002507660362492126, 0.0023421177550535925, 0.002454366640072861, 0.0024801431672356795, 0.00232336803821235, 0.0019859033787367085, 0.002268949776777875, 0.0020835800778195458, 0.0022374028948366786], "d2_loss": [0.0035941042845333746, 0.004819608491098649, 0.004891767579692098, 0.0051655642303728945, 0.004730439284180196, 0.00432410561073, 0.004130669833873162, 0.00385871062199066, 0.003712973149309836, 0.0033620105097791294, 0.0032372083484798805, 0.0032387721375836537, 0.0032308951386962478, 0.002958325889143961, 0.0029495497912497824, 0.0028416814519584715, 0.0026706987207023095, 0.0025488537470018664, 0.0026253036492157457, 0.0024393480131956265, 0.002361006513058953, 0.0025769007736472604, 0.002292156268771058, 0.0023649431762880133, 0.002429485530772709, 0.0023895818542440978, 0.002056582701147402, 0.0022702308344825766, 0.002071552798982643, 0.002228869696515898], "IS": [2.2744803428649902, 2.5118179321289062, 2.5955522060394287, 2.6218109130859375, 2.649444818496704, 2.68213152885437, 2.7824692726135254, 2.8369202613830566, 2.900953769683838, 2.9470722675323486, 3.0079774856567383, 3.0166211128234863, 3.029985189437866, 3.0455424785614014, 3.0673255920410156, 3.092629909515381, 3.1280643939971924, 3.118314266204834, 3.1595616340637207, 3.1650452613830566, 3.1754469871520996, 3.1886470317840576, 3.2013256549835205, 3.2102272510528564, 3.208353042602539, 3.219033718109131, 3.2191879749298096, 3.230065107345581, 3.232018232345581, 3.2362875938415527], "FID": [2.5537984371185303, 1.331405520439148, 0.6976840496063232, 0.6519591808319092, 0.5606011748313904, 0.2134469896554947, 0.40747013688087463, 0.3767080307006836, 0.27608153223991394, 0.24789930880069733, 0.31959494948387146, 0.3183552324771881, 0.3163565695285797, 0.2974590063095093, 0.3437809348106384, 0.31599918007850647, 0.26518407464027405, 0.26613715291023254, 0.31466448307037354, 0.4253590404987335, 0.24261993169784546, 0.2412392646074295, 0.33517298102378845, 0.3103807270526886, 0.27384626865386963, 0.3254602253437042, 0.3008633553981781, 0.2996855080127716, 0.27204251289367676, 0.2870751917362213], "avg_dl_time": 10.515666666666554, "utilization": 88.15706806282724, "avg_thrpt_loader": 3437.5897061892247, "avg_thrpt": 6632.778762712938, "avg_training_time": 21.402099999999944, "avg_calc": 10.88643333333339, "peak_mem_avg": 3097.498046875, "iterations": 17190}