{
    "g_loss": [
        0.05074818828503291,
        0.047155813147624334,
        0.042722976121803126,
        0.04159930529395739,
        0.03808442571659883,
        0.0367388676126798,
        0.034777105202762566,
        0.032607738296190895,
        0.03152407764196396,
        0.02857012862364451
    ],
    "d_loss": [
        0.0020944002494215964,
        0.0018864677716861479,
        0.0016417527758904422,
        0.0016569043395730355,
        0.0013289098726585508,
        0.0012431327182799577,
        0.0012728948350064456,
        0.0008263265679590404,
        0.0006334648132013778,
        0.0006746749686698119
    ],
    "IS": [
        1.7359254360198975,
        2.0791354179382324,
        2.325671672821045,
        2.3126533031463623,
        2.4178783893585205,
        2.4918293952941895,
        2.4669041633605957,
        2.4801321029663086,
        2.4492764472961426,
        2.405025005340576
    ],
    "FID": [
        23.487083435058594,
        8.83918285369873,
        2.289731025695801,
        1.2225497961044312,
        0.7073054313659668,
        0.49837958812713623,
        0.5441452860832214,
        0.3790871798992157,
        0.32134294509887695,
        0.3566761910915375
    ],
    "avg_dl_time": 4.067499999996653,
    "utilization": 81.44904051172708,
    "avg_thrpt_loader": 5143.343502489961,
    "avg_thrpt": 7721.307182001027,
    "avg_training_time": 11.504699999999502,
    "avg_calc": 7.437200000002849,
    "peak_mem_avg": 3060.91064453125,
    "iterations": 4690
}