{"g_loss": [0.04113234189810421, 0.039184017043859196, 0.03501243406254873, 0.028871411829363036, 0.028190849209999518, 0.029457761711945855, 0.030156281359673444, 0.029125459916111728, 0.029362948869479752, 0.029819727616847966, 0.03036080530029987, 0.029392316345728697, 0.029294983405017107, 0.02920594588950331, 0.028680397208817123, 0.02874582224894483, 0.028703622489967055, 0.028909474816725827, 0.02908436926256073, 0.028995057852650923, 0.028830701774804054, 0.02916652995310468, 0.029124162260967312, 0.02917407327129401, 0.029688571958337354, 0.02986171486021115, 0.030172196191188126, 0.030362658980587348, 0.03006726754867554, 0.030167434641143177], "d_loss": [0.003591546418479475, 0.003331065729665433, 0.0041543442848437995, 0.0048232159277293955, 0.00428656603186651, 0.004105377449208488, 0.0036069743622766204, 0.003723017367839924, 0.003408268412093376, 0.0029874796903829703, 0.0026890210330226746, 0.0028948836529064685, 0.0027186934568560212, 0.0023079078968392674, 0.0023374526795047488, 0.002225391004987523, 0.0021606213485198555, 0.0019322229714787708, 0.002008767427651392, 0.0017031108252161548, 0.0014837946813864636, 0.0015448738059731077, 0.0014606023507767946, 0.0012709053470568348, 0.0011329322930348162, 0.0009854091913240692, 0.0009307958840040746, 0.0007978494380905699, 0.0007738562065278638, 0.0006944089255445823], "IS": [2.1177752017974854, 2.4579861164093018, 2.555772304534912, 2.636375665664673, 2.6964423656463623, 2.7136425971984863, 2.703369379043579, 2.767045497894287, 2.7909278869628906, 2.8104403018951416, 2.878904342651367, 2.891679525375366, 2.9224133491516113, 2.9665191173553467, 2.9946327209472656, 3.009247064590454, 3.0236661434173584, 3.054530143737793, 3.058943510055542, 3.062836170196533, 3.0822525024414062, 3.093597888946533, 3.101536750793457, 3.1068105697631836, 3.1160740852355957, 3.1225974559783936, 3.126293420791626, 3.1371235847473145, 3.140178918838501, 3.1465628147125244], "FID": [4.579009056091309, 2.18078351020813, 2.156283378601074, 0.3821309506893158, 0.4940110146999359, 0.33197349309921265, 0.2646612226963043, 0.32956111431121826, 0.37443459033966064, 0.38437414169311523, 0.44946417212486267, 0.3658013939857483, 0.2544843256473541, 0.230603888630867, 0.24239809811115265, 0.2239362597465515, 0.22886887192726135, 0.18806380033493042, 0.2698550522327423, 0.2556883692741394, 0.23722153902053833, 0.23977044224739075, 0.22542397677898407, 0.2635556161403656, 0.1981562227010727, 0.28952285647392273, 0.2461339235305786, 0.22274035215377808, 0.23523341119289398, 0.2261466532945633], "avg_dl_time": 13.943166666664244, "utilization": 81.6193717277487, "avg_thrpt_loader": 3184.2980055071594, "avg_thrpt": 7894.0897095407845, "avg_training_time": 23.021300000000156, "avg_calc": 9.078133333335911, "peak_mem_avg": 3060.91064453125, "iterations": 17190}