{"g_loss": [0.04832818363805612, 0.02955658858753741, 0.017673231399959573, 0.018333820137940347, 0.021071835776790976, 0.024248711223046605, 0.025635349852995325, 0.026254033851608013, 0.03446711972694223, 0.029905950155850344], "d1_loss": [0.002330580062974089, 0.003398155173888275, 0.004961358574653665, 0.004190102322306484, 0.0037512429136938104, 0.0028504220777036, 0.0028757755941168093, 0.0028509173679786425, 0.0014003812238952379, 0.002971165587186503], "d2_loss": [0.002394383005500034, 0.003585196386359166, 0.005199656379160781, 0.004229101368195067, 0.004144407647118593, 0.0031857836693602926, 0.003162843457298974, 0.0030918719093470525, 0.0012399213045777287, 0.003228481818495008], "IS": [1.7714296579360962, 1.9991834163665771, 2.155951499938965, 2.261873722076416, 2.265235424041748, 2.302489757537842, 2.299062728881836, 2.327930212020874, 2.335109233856201, 2.3219423294067383], "FID": [9.346750259399414, 1.3959815502166748, 0.5659844279289246, 0.4397187829017639, 0.5441206097602844, 0.41481533646583557, 0.5173722505569458, 0.4645831286907196, 0.5717788934707642, 0.5214335322380066], "avg_dl_time": 5.6123999999996155, "utilization": 87.50938166311302, "avg_thrpt_loader": 4020.8248668630104, "avg_thrpt": 6342.402563746956, "avg_training_time": 14.717299999999886, "avg_calc": 9.10490000000027, "peak_mem_avg": 3097.498046875, "iterations": 4690}