{"g_loss": [0.04747318066954613, 0.028519387313785654, 0.016536745291451615, 0.01701735959139963, 0.019817726967049143, 0.02136375779163403, 0.023938405446568504, 0.02738763319289622, 0.02849895811677755, 0.03548950428736668], "d1_loss": [0.002289344624656466, 0.0037221480845706536, 0.005039005734833579, 0.0046079809967544865, 0.0038787018188120178, 0.003545433710515499, 0.003376406158025687, 0.002763687753052606, 0.0024608322837312395, 0.0018933598433058553], "d2_loss": [0.002548255895380862, 0.0037034885485074482, 0.005148734142103543, 0.004725519102842858, 0.004324192933862408, 0.004232190880559695, 0.0033296365624371294, 0.002870656555341945, 0.0026184923810806744, 0.0019361089342196161], "IS": [1.9881750345230103, 2.174588441848755, 2.3938419818878174, 2.3959076404571533, 2.410522699356079, 2.3897500038146973, 2.379835367202759, 2.363208770751953, 2.361846446990967, 2.344212055206299], "FID": [10.076029777526855, 1.3366127014160156, 0.6234004497528076, 0.4590091109275818, 0.4710114300251007, 0.5966634750366211, 0.6700604557991028, 0.43926748633384705, 0.8041311502456665, 0.6063904762268066], "avg_dl_time": 5.940899999999965, "utilization": 88.5219616204691, "avg_thrpt_loader": 3664.973124986248, "avg_thrpt": 5890.781366137349, "avg_training_time": 15.50149999999885, "avg_calc": 9.560599999998885, "peak_mem_avg": 3097.498046875, "iterations": 4690}