{"g_loss": [0.0838504873196284], "d1_loss": [0.005184354905106981], "d2_loss": [0.005531421128478541], "IS": [1.5978970527648926], "FID": [1.9335551261901855], "avg_dl_time": 4.491999999991094, "utilization": 81.80063965884861, "avg_thrpt_loader": 3121.91060929214, "avg_thrpt": 4074.1495212836953, "avg_training_time": 19.2190000000046, "avg_calc": 14.727000000013504, "peak_mem_avg": 2661.69921875, "iterations": 938}